<pkg-contents spec="1.12"><f n="Irrlicht.framework" o="gazdavidson" g="staff" p="16893" pt="/Library/Frameworks/Irrlicht.framework" m="true" t="file"><f n="Headers" o="gazdavidson" g="staff" p="16893"><f n="aabbox3d.h" o="gazdavidson" g="staff" p="33277"/><f n="CDynamicMeshBuffer.h" o="gazdavidson" g="staff" p="33277"/><f n="CIndexBuffer.h" o="gazdavidson" g="staff" p="33277"/><f n="CMeshBuffer.h" o="gazdavidson" g="staff" p="33277"/><f n="coreutil.h" o="gazdavidson" g="staff" p="33277"/><f n="CVertexBuffer.h" o="gazdavidson" g="staff" p="33277"/><f n="dimension2d.h" o="gazdavidson" g="staff" p="33277"/><f n="ECullingTypes.h" o="gazdavidson" g="staff" p="33277"/><f n="EDebugSceneTypes.h" o="gazdavidson" g="staff" p="33277"/><f n="EDriverFeatures.h" o="gazdavidson" g="staff" p="33277"/><f n="EDriverTypes.h" o="gazdavidson" g="staff" p="33277"/><f n="EGUIAlignment.h" o="gazdavidson" g="staff" p="33277"/><f n="EGUIElementTypes.h" o="gazdavidson" g="staff" p="33277"/><f n="EHardwareBufferFlags.h" o="gazdavidson" g="staff" p="33277"/><f n="EMaterialFlags.h" o="gazdavidson" g="staff" p="33277"/><f n="EMaterialTypes.h" o="gazdavidson" g="staff" p="33277"/><f n="EMeshWriterEnums.h" o="gazdavidson" g="staff" p="33277"/><f n="EMessageBoxFlags.h" o="gazdavidson" g="staff" p="33277"/><f n="ESceneNodeAnimatorTypes.h" o="gazdavidson" g="staff" p="33277"/><f n="ESceneNodeTypes.h" o="gazdavidson" g="staff" p="33277"/><f n="ETerrainElements.h" o="gazdavidson" g="staff" p="33277"/><f n="fast_atof.h" o="gazdavidson" g="staff" p="33277"/><f n="heapsort.h" o="gazdavidson" g="staff" p="33277"/><f n="IAnimatedMesh.h" o="gazdavidson" g="staff" p="33277"/><f n="IAnimatedMeshMD2.h" o="gazdavidson" g="staff" p="33277"/><f n="IAnimatedMeshMD3.h" o="gazdavidson" g="staff" p="33277"/><f n="IAnimatedMeshSceneNode.h" o="gazdavidson" g="staff" p="33277"/><f n="IAttributeExchangingObject.h" o="gazdavidson" g="staff" p="33277"/><f n="IAttributes.h" o="gazdavidson" g="staff" p="33277"/><f n="IBillboardSceneNode.h" o="gazdavidson" g="staff" p="33277"/><f n="IBillboardTextSceneNode.h" o="gazdavidson" g="staff" p="33277"/><f n="IBoneSceneNode.h" o="gazdavidson" g="staff" p="33277"/><f n="ICameraSceneNode.h" o="gazdavidson" g="staff" p="33277"/><f n="ICursorControl.h" o="gazdavidson" g="staff" p="33277"/><f n="IDummyTransformationSceneNode.h" o="gazdavidson" g="staff" p="33277"/><f n="IDynamicMeshBuffer.h" o="gazdavidson" g="staff" p="33277"/><f n="IEventReceiver.h" o="gazdavidson" g="staff" p="33277"/><f n="IFileList.h" o="gazdavidson" g="staff" p="33277"/><f n="IFileSystem.h" o="gazdavidson" g="staff" p="33277"/><f n="IGPUProgrammingServices.h" o="gazdavidson" g="staff" p="33277"/><f n="IGUIButton.h" o="gazdavidson" g="staff" p="33277"/><f n="IGUICheckBox.h" o="gazdavidson" g="staff" p="33277"/><f n="IGUIColorSelectDialog.h" o="gazdavidson" g="staff" p="33277"/><f n="IGUIComboBox.h" o="gazdavidson" g="staff" p="33277"/><f n="IGUIContextMenu.h" o="gazdavidson" g="staff" p="33277"/><f n="IGUIEditBox.h" o="gazdavidson" g="staff" p="33277"/><f n="IGUIElement.h" o="gazdavidson" g="staff" p="33277"/><f n="IGUIElementFactory.h" o="gazdavidson" g="staff" p="33277"/><f n="IGUIEnvironment.h" o="gazdavidson" g="staff" p="33277"/><f n="IGUIFileOpenDialog.h" o="gazdavidson" g="staff" p="33277"/><f n="IGUIFont.h" o="gazdavidson" g="staff" p="33277"/><f n="IGUIFontBitmap.h" o="gazdavidson" g="staff" p="33277"/><f n="IGUIImage.h" o="gazdavidson" g="staff" p="33277"/><f n="IGUIInOutFader.h" o="gazdavidson" g="staff" p="33277"/><f n="IGUIListBox.h" o="gazdavidson" g="staff" p="33277"/><f n="IGUIMeshViewer.h" o="gazdavidson" g="staff" p="33277"/><f n="IGUIScrollBar.h" o="gazdavidson" g="staff" p="33277"/><f n="IGUISkin.h" o="gazdavidson" g="staff" p="33277"/><f n="IGUISpinBox.h" o="gazdavidson" g="staff" p="33277"/><f n="IGUISpriteBank.h" o="gazdavidson" g="staff" p="33277"/><f n="IGUIStaticText.h" o="gazdavidson" g="staff" p="33277"/><f n="IGUITabControl.h" o="gazdavidson" g="staff" p="33277"/><f n="IGUITable.h" o="gazdavidson" g="staff" p="33277"/><f n="IGUIToolbar.h" o="gazdavidson" g="staff" p="33277"/><f n="IGUIWindow.h" o="gazdavidson" g="staff" p="33277"/><f n="IImage.h" o="gazdavidson" g="staff" p="33277"/><f n="IImageLoader.h" o="gazdavidson" g="staff" p="33277"/><f n="IImageWriter.h" o="gazdavidson" g="staff" p="33277"/><f n="IIndexBuffer.h" o="gazdavidson" g="staff" p="33277"/><f n="ILightSceneNode.h" o="gazdavidson" g="staff" p="33277"/><f n="ILogger.h" o="gazdavidson" g="staff" p="33277"/><f n="IMaterialRenderer.h" o="gazdavidson" g="staff" p="33277"/><f n="IMaterialRendererServices.h" o="gazdavidson" g="staff" p="33277"/><f n="IMesh.h" o="gazdavidson" g="staff" p="33277"/><f n="IMeshBuffer.h" o="gazdavidson" g="staff" p="33277"/><f n="IMeshCache.h" o="gazdavidson" g="staff" p="33277"/><f n="IMeshLoader.h" o="gazdavidson" g="staff" p="33277"/><f n="IMeshManipulator.h" o="gazdavidson" g="staff" p="33277"/><f n="IMeshSceneNode.h" o="gazdavidson" g="staff" p="33277"/><f n="IMeshWriter.h" o="gazdavidson" g="staff" p="33277"/><f n="IMetaTriangleSelector.h" o="gazdavidson" g="staff" p="33277"/><f n="IOSOperator.h" o="gazdavidson" g="staff" p="33277"/><f n="IParticleAffector.h" o="gazdavidson" g="staff" p="33277"/><f n="IParticleAnimatedMeshSceneNodeEmitter.h" o="gazdavidson" g="staff" p="33277"/><f n="IParticleAttractionAffector.h" o="gazdavidson" g="staff" p="33277"/><f n="IParticleBoxEmitter.h" o="gazdavidson" g="staff" p="33277"/><f n="IParticleCylinderEmitter.h" o="gazdavidson" g="staff" p="33277"/><f n="IParticleEmitter.h" o="gazdavidson" g="staff" p="33277"/><f n="IParticleFadeOutAffector.h" o="gazdavidson" g="staff" p="33277"/><f n="IParticleGravityAffector.h" o="gazdavidson" g="staff" p="33277"/><f n="IParticleMeshEmitter.h" o="gazdavidson" g="staff" p="33277"/><f n="IParticleRingEmitter.h" o="gazdavidson" g="staff" p="33277"/><f n="IParticleRotationAffector.h" o="gazdavidson" g="staff" p="33277"/><f n="IParticleSphereEmitter.h" o="gazdavidson" g="staff" p="33277"/><f n="IParticleSystemSceneNode.h" o="gazdavidson" g="staff" p="33277"/><f n="IQ3LevelMesh.h" o="gazdavidson" g="staff" p="33277"/><f n="IQ3Shader.h" o="gazdavidson" g="staff" p="33277"/><f n="IReadFile.h" o="gazdavidson" g="staff" p="33277"/><f n="IReferenceCounted.h" o="gazdavidson" g="staff" p="33277"/><f n="irrAllocator.h" o="gazdavidson" g="staff" p="33277"/><f n="irrArray.h" o="gazdavidson" g="staff" p="33277"/><f n="IrrCompileConfig.h" o="gazdavidson" g="staff" p="33277"/><f n="irrlicht.h" o="gazdavidson" g="staff" p="33277"/><f n="IrrlichtDevice.h" o="gazdavidson" g="staff" p="33277"/><f n="irrList.h" o="gazdavidson" g="staff" p="33277"/><f n="irrMap.h" o="gazdavidson" g="staff" p="33277"/><f n="irrMath.h" o="gazdavidson" g="staff" p="33277"/><f n="irrString.h" o="gazdavidson" g="staff" p="33277"/><f n="irrTypes.h" o="gazdavidson" g="staff" p="33277"/><f n="irrXML.h" o="gazdavidson" g="staff" p="33277"/><f n="ISceneCollisionManager.h" o="gazdavidson" g="staff" p="33277"/><f n="ISceneManager.h" o="gazdavidson" g="staff" p="33277"/><f n="ISceneNode.h" o="gazdavidson" g="staff" p="33277"/><f n="ISceneNodeAnimator.h" o="gazdavidson" g="staff" p="33277"/><f n="ISceneNodeAnimatorCameraFPS.h" o="gazdavidson" g="staff" p="33277"/><f n="ISceneNodeAnimatorCameraMaya.h" o="gazdavidson" g="staff" p="33277"/><f n="ISceneNodeAnimatorCollisionResponse.h" o="gazdavidson" g="staff" p="33277"/><f n="ISceneNodeAnimatorFactory.h" o="gazdavidson" g="staff" p="33277"/><f n="ISceneNodeFactory.h" o="gazdavidson" g="staff" p="33277"/><f n="ISceneUserDataSerializer.h" o="gazdavidson" g="staff" p="33277"/><f n="IShaderConstantSetCallBack.h" o="gazdavidson" g="staff" p="33277"/><f n="IShadowVolumeSceneNode.h" o="gazdavidson" g="staff" p="33277"/><f n="ISkinnedMesh.h" o="gazdavidson" g="staff" p="33277"/><f n="ITerrainSceneNode.h" o="gazdavidson" g="staff" p="33277"/><f n="ITextSceneNode.h" o="gazdavidson" g="staff" p="33277"/><f n="ITexture.h" o="gazdavidson" g="staff" p="33277"/><f n="ITimer.h" o="gazdavidson" g="staff" p="33277"/><f n="ITriangleSelector.h" o="gazdavidson" g="staff" p="33277"/><f n="IVertexBuffer.h" o="gazdavidson" g="staff" p="33277"/><f n="IVideoDriver.h" o="gazdavidson" g="staff" p="33277"/><f n="IVideoModeList.h" o="gazdavidson" g="staff" p="33277"/><f n="IVolumeLightSceneNode.h" o="gazdavidson" g="staff" p="33277"/><f n="IWriteFile.h" o="gazdavidson" g="staff" p="33277"/><f n="IXMLReader.h" o="gazdavidson" g="staff" p="33277"/><f n="IXMLWriter.h" o="gazdavidson" g="staff" p="33277"/><f n="Keycodes.h" o="gazdavidson" g="staff" p="33277"/><f n="line2d.h" o="gazdavidson" g="staff" p="33277"/><f n="line3d.h" o="gazdavidson" g="staff" p="33277"/><f n="matrix4.h" o="gazdavidson" g="staff" p="33277"/><f n="plane3d.h" o="gazdavidson" g="staff" p="33277"/><f n="position2d.h" o="gazdavidson" g="staff" p="33277"/><f n="quaternion.h" o="gazdavidson" g="staff" p="33277"/><f n="rect.h" o="gazdavidson" g="staff" p="33277"/><f n="S3DVertex.h" o="gazdavidson" g="staff" p="33277"/><f n="SAnimatedMesh.h" o="gazdavidson" g="staff" p="33277"/><f n="SceneParameters.h" o="gazdavidson" g="staff" p="33277"/><f n="SColor.h" o="gazdavidson" g="staff" p="33277"/><f n="SExposedVideoData.h" o="gazdavidson" g="staff" p="33277"/><f n="SIrrCreationParameters.h" o="gazdavidson" g="staff" p="33277"/><f n="SKeyMap.h" o="gazdavidson" g="staff" p="33277"/><f n="SLight.h" o="gazdavidson" g="staff" p="33277"/><f n="SMaterial.h" o="gazdavidson" g="staff" p="33277"/><f n="SMaterialLayer.h" o="gazdavidson" g="staff" p="33277"/><f n="SMesh.h" o="gazdavidson" g="staff" p="33277"/><f n="SMeshBuffer.h" o="gazdavidson" g="staff" p="33277"/><f n="SMeshBufferLightMap.h" o="gazdavidson" g="staff" p="33277"/><f n="SMeshBufferTangents.h" o="gazdavidson" g="staff" p="33277"/><f n="SParticle.h" o="gazdavidson" g="staff" p="33277"/><f n="SSharedMeshBuffer.h" o="gazdavidson" g="staff" p="33277"/><f n="SSkinMeshBuffer.h" o="gazdavidson" g="staff" p="33277"/><f n="SVertexIndex.h" o="gazdavidson" g="staff" p="33277"/><f n="SViewFrustum.h" o="gazdavidson" g="staff" p="33277"/><f n="triangle3d.h" o="gazdavidson" g="staff" p="33277"/><f n="vector2d.h" o="gazdavidson" g="staff" p="33277"/><f n="vector3d.h" o="gazdavidson" g="staff" p="33277"/></f><f n="Irrlicht" o="gazdavidson" g="staff" p="33277"/><f n="Resources" o="gazdavidson" g="staff" p="16893"><f n="Info.plist" o="gazdavidson" g="staff" p="33277"/></f><f n="Versions" o="gazdavidson" g="staff" p="16893"><f n="1.5" o="gazdavidson" g="staff" p="16893"><f n="Headers" o="gazdavidson" g="staff" p="16893"><f n="aabbox3d.h" o="gazdavidson" g="staff" p="33277"/><f n="CDynamicMeshBuffer.h" o="gazdavidson" g="staff" p="33277"/><f n="CIndexBuffer.h" o="gazdavidson" g="staff" p="33277"/><f n="CMeshBuffer.h" o="gazdavidson" g="staff" p="33277"/><f n="coreutil.h" o="gazdavidson" g="staff" p="33277"/><f n="CVertexBuffer.h" o="gazdavidson" g="staff" p="33277"/><f n="dimension2d.h" o="gazdavidson" g="staff" p="33277"/><f n="ECullingTypes.h" o="gazdavidson" g="staff" p="33277"/><f n="EDebugSceneTypes.h" o="gazdavidson" g="staff" p="33277"/><f n="EDriverFeatures.h" o="gazdavidson" g="staff" p="33277"/><f n="EDriverTypes.h" o="gazdavidson" g="staff" p="33277"/><f n="EGUIAlignment.h" o="gazdavidson" g="staff" p="33277"/><f n="EGUIElementTypes.h" o="gazdavidson" g="staff" p="33277"/><f n="EHardwareBufferFlags.h" o="gazdavidson" g="staff" p="33277"/><f n="EMaterialFlags.h" o="gazdavidson" g="staff" p="33277"/><f n="EMaterialTypes.h" o="gazdavidson" g="staff" p="33277"/><f n="EMeshWriterEnums.h" o="gazdavidson" g="staff" p="33277"/><f n="EMessageBoxFlags.h" o="gazdavidson" g="staff" p="33277"/><f n="ESceneNodeAnimatorTypes.h" o="gazdavidson" g="staff" p="33277"/><f n="ESceneNodeTypes.h" o="gazdavidson" g="staff" p="33277"/><f n="ETerrainElements.h" o="gazdavidson" g="staff" p="33277"/><f n="fast_atof.h" o="gazdavidson" g="staff" p="33277"/><f n="heapsort.h" o="gazdavidson" g="staff" p="33277"/><f n="IAnimatedMesh.h" o="gazdavidson" g="staff" p="33277"/><f n="IAnimatedMeshMD2.h" o="gazdavidson" g="staff" p="33277"/><f n="IAnimatedMeshMD3.h" o="gazdavidson" g="staff" p="33277"/><f n="IAnimatedMeshSceneNode.h" o="gazdavidson" g="staff" p="33277"/><f n="IAttributeExchangingObject.h" o="gazdavidson" g="staff" p="33277"/><f n="IAttributes.h" o="gazdavidson" g="staff" p="33277"/><f n="IBillboardSceneNode.h" o="gazdavidson" g="staff" p="33277"/><f n="IBillboardTextSceneNode.h" o="gazdavidson" g="staff" p="33277"/><f n="IBoneSceneNode.h" o="gazdavidson" g="staff" p="33277"/><f n="ICameraSceneNode.h" o="gazdavidson" g="staff" p="33277"/><f n="ICursorControl.h" o="gazdavidson" g="staff" p="33277"/><f n="IDummyTransformationSceneNode.h" o="gazdavidson" g="staff" p="33277"/><f n="IDynamicMeshBuffer.h" o="gazdavidson" g="staff" p="33277"/><f n="IEventReceiver.h" o="gazdavidson" g="staff" p="33277"/><f n="IFileList.h" o="gazdavidson" g="staff" p="33277"/><f n="IFileSystem.h" o="gazdavidson" g="staff" p="33277"/><f n="IGPUProgrammingServices.h" o="gazdavidson" g="staff" p="33277"/><f n="IGUIButton.h" o="gazdavidson" g="staff" p="33277"/><f n="IGUICheckBox.h" o="gazdavidson" g="staff" p="33277"/><f n="IGUIColorSelectDialog.h" o="gazdavidson" g="staff" p="33277"/><f n="IGUIComboBox.h" o="gazdavidson" g="staff" p="33277"/><f n="IGUIContextMenu.h" o="gazdavidson" g="staff" p="33277"/><f n="IGUIEditBox.h" o="gazdavidson" g="staff" p="33277"/><f n="IGUIElement.h" o="gazdavidson" g="staff" p="33277"/><f n="IGUIElementFactory.h" o="gazdavidson" g="staff" p="33277"/><f n="IGUIEnvironment.h" o="gazdavidson" g="staff" p="33277"/><f n="IGUIFileOpenDialog.h" o="gazdavidson" g="staff" p="33277"/><f n="IGUIFont.h" o="gazdavidson" g="staff" p="33277"/><f n="IGUIFontBitmap.h" o="gazdavidson" g="staff" p="33277"/><f n="IGUIImage.h" o="gazdavidson" g="staff" p="33277"/><f n="IGUIInOutFader.h" o="gazdavidson" g="staff" p="33277"/><f n="IGUIListBox.h" o="gazdavidson" g="staff" p="33277"/><f n="IGUIMeshViewer.h" o="gazdavidson" g="staff" p="33277"/><f n="IGUIScrollBar.h" o="gazdavidson" g="staff" p="33277"/><f n="IGUISkin.h" o="gazdavidson" g="staff" p="33277"/><f n="IGUISpinBox.h" o="gazdavidson" g="staff" p="33277"/><f n="IGUISpriteBank.h" o="gazdavidson" g="staff" p="33277"/><f n="IGUIStaticText.h" o="gazdavidson" g="staff" p="33277"/><f n="IGUITabControl.h" o="gazdavidson" g="staff" p="33277"/><f n="IGUITable.h" o="gazdavidson" g="staff" p="33277"/><f n="IGUIToolbar.h" o="gazdavidson" g="staff" p="33277"/><f n="IGUIWindow.h" o="gazdavidson" g="staff" p="33277"/><f n="IImage.h" o="gazdavidson" g="staff" p="33277"/><f n="IImageLoader.h" o="gazdavidson" g="staff" p="33277"/><f n="IImageWriter.h" o="gazdavidson" g="staff" p="33277"/><f n="IIndexBuffer.h" o="gazdavidson" g="staff" p="33277"/><f n="ILightSceneNode.h" o="gazdavidson" g="staff" p="33277"/><f n="ILogger.h" o="gazdavidson" g="staff" p="33277"/><f n="IMaterialRenderer.h" o="gazdavidson" g="staff" p="33277"/><f n="IMaterialRendererServices.h" o="gazdavidson" g="staff" p="33277"/><f n="IMesh.h" o="gazdavidson" g="staff" p="33277"/><f n="IMeshBuffer.h" o="gazdavidson" g="staff" p="33277"/><f n="IMeshCache.h" o="gazdavidson" g="staff" p="33277"/><f n="IMeshLoader.h" o="gazdavidson" g="staff" p="33277"/><f n="IMeshManipulator.h" o="gazdavidson" g="staff" p="33277"/><f n="IMeshSceneNode.h" o="gazdavidson" g="staff" p="33277"/><f n="IMeshWriter.h" o="gazdavidson" g="staff" p="33277"/><f n="IMetaTriangleSelector.h" o="gazdavidson" g="staff" p="33277"/><f n="IOSOperator.h" o="gazdavidson" g="staff" p="33277"/><f n="IParticleAffector.h" o="gazdavidson" g="staff" p="33277"/><f n="IParticleAnimatedMeshSceneNodeEmitter.h" o="gazdavidson" g="staff" p="33277"/><f n="IParticleAttractionAffector.h" o="gazdavidson" g="staff" p="33277"/><f n="IParticleBoxEmitter.h" o="gazdavidson" g="staff" p="33277"/><f n="IParticleCylinderEmitter.h" o="gazdavidson" g="staff" p="33277"/><f n="IParticleEmitter.h" o="gazdavidson" g="staff" p="33277"/><f n="IParticleFadeOutAffector.h" o="gazdavidson" g="staff" p="33277"/><f n="IParticleGravityAffector.h" o="gazdavidson" g="staff" p="33277"/><f n="IParticleMeshEmitter.h" o="gazdavidson" g="staff" p="33277"/><f n="IParticleRingEmitter.h" o="gazdavidson" g="staff" p="33277"/><f n="IParticleRotationAffector.h" o="gazdavidson" g="staff" p="33277"/><f n="IParticleSphereEmitter.h" o="gazdavidson" g="staff" p="33277"/><f n="IParticleSystemSceneNode.h" o="gazdavidson" g="staff" p="33277"/><f n="IQ3LevelMesh.h" o="gazdavidson" g="staff" p="33277"/><f n="IQ3Shader.h" o="gazdavidson" g="staff" p="33277"/><f n="IReadFile.h" o="gazdavidson" g="staff" p="33277"/><f n="IReferenceCounted.h" o="gazdavidson" g="staff" p="33277"/><f n="irrAllocator.h" o="gazdavidson" g="staff" p="33277"/><f n="irrArray.h" o="gazdavidson" g="staff" p="33277"/><f n="IrrCompileConfig.h" o="gazdavidson" g="staff" p="33277"/><f n="irrlicht.h" o="gazdavidson" g="staff" p="33277"/><f n="IrrlichtDevice.h" o="gazdavidson" g="staff" p="33277"/><f n="irrList.h" o="gazdavidson" g="staff" p="33277"/><f n="irrMap.h" o="gazdavidson" g="staff" p="33277"/><f n="irrMath.h" o="gazdavidson" g="staff" p="33277"/><f n="irrString.h" o="gazdavidson" g="staff" p="33277"/><f n="irrTypes.h" o="gazdavidson" g="staff" p="33277"/><f n="irrXML.h" o="gazdavidson" g="staff" p="33277"/><f n="ISceneCollisionManager.h" o="gazdavidson" g="staff" p="33277"/><f n="ISceneManager.h" o="gazdavidson" g="staff" p="33277"/><f n="ISceneNode.h" o="gazdavidson" g="staff" p="33277"/><f n="ISceneNodeAnimator.h" o="gazdavidson" g="staff" p="33277"/><f n="ISceneNodeAnimatorCameraFPS.h" o="gazdavidson" g="staff" p="33277"/><f n="ISceneNodeAnimatorCameraMaya.h" o="gazdavidson" g="staff" p="33277"/><f n="ISceneNodeAnimatorCollisionResponse.h" o="gazdavidson" g="staff" p="33277"/><f n="ISceneNodeAnimatorFactory.h" o="gazdavidson" g="staff" p="33277"/><f n="ISceneNodeFactory.h" o="gazdavidson" g="staff" p="33277"/><f n="ISceneUserDataSerializer.h" o="gazdavidson" g="staff" p="33277"/><f n="IShaderConstantSetCallBack.h" o="gazdavidson" g="staff" p="33277"/><f n="IShadowVolumeSceneNode.h" o="gazdavidson" g="staff" p="33277"/><f n="ISkinnedMesh.h" o="gazdavidson" g="staff" p="33277"/><f n="ITerrainSceneNode.h" o="gazdavidson" g="staff" p="33277"/><f n="ITextSceneNode.h" o="gazdavidson" g="staff" p="33277"/><f n="ITexture.h" o="gazdavidson" g="staff" p="33277"/><f n="ITimer.h" o="gazdavidson" g="staff" p="33277"/><f n="ITriangleSelector.h" o="gazdavidson" g="staff" p="33277"/><f n="IVertexBuffer.h" o="gazdavidson" g="staff" p="33277"/><f n="IVideoDriver.h" o="gazdavidson" g="staff" p="33277"/><f n="IVideoModeList.h" o="gazdavidson" g="staff" p="33277"/><f n="IVolumeLightSceneNode.h" o="gazdavidson" g="staff" p="33277"/><f n="IWriteFile.h" o="gazdavidson" g="staff" p="33277"/><f n="IXMLReader.h" o="gazdavidson" g="staff" p="33277"/><f n="IXMLWriter.h" o="gazdavidson" g="staff" p="33277"/><f n="Keycodes.h" o="gazdavidson" g="staff" p="33277"/><f n="line2d.h" o="gazdavidson" g="staff" p="33277"/><f n="line3d.h" o="gazdavidson" g="staff" p="33277"/><f n="matrix4.h" o="gazdavidson" g="staff" p="33277"/><f n="plane3d.h" o="gazdavidson" g="staff" p="33277"/><f n="position2d.h" o="gazdavidson" g="staff" p="33277"/><f n="quaternion.h" o="gazdavidson" g="staff" p="33277"/><f n="rect.h" o="gazdavidson" g="staff" p="33277"/><f n="S3DVertex.h" o="gazdavidson" g="staff" p="33277"/><f n="SAnimatedMesh.h" o="gazdavidson" g="staff" p="33277"/><f n="SceneParameters.h" o="gazdavidson" g="staff" p="33277"/><f n="SColor.h" o="gazdavidson" g="staff" p="33277"/><f n="SExposedVideoData.h" o="gazdavidson" g="staff" p="33277"/><f n="SIrrCreationParameters.h" o="gazdavidson" g="staff" p="33277"/><f n="SKeyMap.h" o="gazdavidson" g="staff" p="33277"/><f n="SLight.h" o="gazdavidson" g="staff" p="33277"/><f n="SMaterial.h" o="gazdavidson" g="staff" p="33277"/><f n="SMaterialLayer.h" o="gazdavidson" g="staff" p="33277"/><f n="SMesh.h" o="gazdavidson" g="staff" p="33277"/><f n="SMeshBuffer.h" o="gazdavidson" g="staff" p="33277"/><f n="SMeshBufferLightMap.h" o="gazdavidson" g="staff" p="33277"/><f n="SMeshBufferTangents.h" o="gazdavidson" g="staff" p="33277"/><f n="SParticle.h" o="gazdavidson" g="staff" p="33277"/><f n="SSharedMeshBuffer.h" o="gazdavidson" g="staff" p="33277"/><f n="SSkinMeshBuffer.h" o="gazdavidson" g="staff" p="33277"/><f n="SVertexIndex.h" o="gazdavidson" g="staff" p="33277"/><f n="SViewFrustum.h" o="gazdavidson" g="staff" p="33277"/><f n="triangle3d.h" o="gazdavidson" g="staff" p="33277"/><f n="vector2d.h" o="gazdavidson" g="staff" p="33277"/><f n="vector3d.h" o="gazdavidson" g="staff" p="33277"/></f><f n="Irrlicht" o="gazdavidson" g="staff" p="33277"/><f n="Resources" o="gazdavidson" g="staff" p="16893"><f n="Info.plist" o="gazdavidson" g="staff" p="33277"/></f></f><f n="Current" o="gazdavidson" g="staff" p="16893"><f n="Headers" o="gazdavidson" g="staff" p="16893"><f n="aabbox3d.h" o="gazdavidson" g="staff" p="33277"/><f n="CDynamicMeshBuffer.h" o="gazdavidson" g="staff" p="33277"/><f n="CIndexBuffer.h" o="gazdavidson" g="staff" p="33277"/><f n="CMeshBuffer.h" o="gazdavidson" g="staff" p="33277"/><f n="coreutil.h" o="gazdavidson" g="staff" p="33277"/><f n="CVertexBuffer.h" o="gazdavidson" g="staff" p="33277"/><f n="dimension2d.h" o="gazdavidson" g="staff" p="33277"/><f n="ECullingTypes.h" o="gazdavidson" g="staff" p="33277"/><f n="EDebugSceneTypes.h" o="gazdavidson" g="staff" p="33277"/><f n="EDriverFeatures.h" o="gazdavidson" g="staff" p="33277"/><f n="EDriverTypes.h" o="gazdavidson" g="staff" p="33277"/><f n="EGUIAlignment.h" o="gazdavidson" g="staff" p="33277"/><f n="EGUIElementTypes.h" o="gazdavidson" g="staff" p="33277"/><f n="EHardwareBufferFlags.h" o="gazdavidson" g="staff" p="33277"/><f n="EMaterialFlags.h" o="gazdavidson" g="staff" p="33277"/><f n="EMaterialTypes.h" o="gazdavidson" g="staff" p="33277"/><f n="EMeshWriterEnums.h" o="gazdavidson" g="staff" p="33277"/><f n="EMessageBoxFlags.h" o="gazdavidson" g="staff" p="33277"/><f n="ESceneNodeAnimatorTypes.h" o="gazdavidson" g="staff" p="33277"/><f n="ESceneNodeTypes.h" o="gazdavidson" g="staff" p="33277"/><f n="ETerrainElements.h" o="gazdavidson" g="staff" p="33277"/><f n="fast_atof.h" o="gazdavidson" g="staff" p="33277"/><f n="heapsort.h" o="gazdavidson" g="staff" p="33277"/><f n="IAnimatedMesh.h" o="gazdavidson" g="staff" p="33277"/><f n="IAnimatedMeshMD2.h" o="gazdavidson" g="staff" p="33277"/><f n="IAnimatedMeshMD3.h" o="gazdavidson" g="staff" p="33277"/><f n="IAnimatedMeshSceneNode.h" o="gazdavidson" g="staff" p="33277"/><f n="IAttributeExchangingObject.h" o="gazdavidson" g="staff" p="33277"/><f n="IAttributes.h" o="gazdavidson" g="staff" p="33277"/><f n="IBillboardSceneNode.h" o="gazdavidson" g="staff" p="33277"/><f n="IBillboardTextSceneNode.h" o="gazdavidson" g="staff" p="33277"/><f n="IBoneSceneNode.h" o="gazdavidson" g="staff" p="33277"/><f n="ICameraSceneNode.h" o="gazdavidson" g="staff" p="33277"/><f n="ICursorControl.h" o="gazdavidson" g="staff" p="33277"/><f n="IDummyTransformationSceneNode.h" o="gazdavidson" g="staff" p="33277"/><f n="IDynamicMeshBuffer.h" o="gazdavidson" g="staff" p="33277"/><f n="IEventReceiver.h" o="gazdavidson" g="staff" p="33277"/><f n="IFileList.h" o="gazdavidson" g="staff" p="33277"/><f n="IFileSystem.h" o="gazdavidson" g="staff" p="33277"/><f n="IGPUProgrammingServices.h" o="gazdavidson" g="staff" p="33277"/><f n="IGUIButton.h" o="gazdavidson" g="staff" p="33277"/><f n="IGUICheckBox.h" o="gazdavidson" g="staff" p="33277"/><f n="IGUIColorSelectDialog.h" o="gazdavidson" g="staff" p="33277"/><f n="IGUIComboBox.h" o="gazdavidson" g="staff" p="33277"/><f n="IGUIContextMenu.h" o="gazdavidson" g="staff" p="33277"/><f n="IGUIEditBox.h" o="gazdavidson" g="staff" p="33277"/><f n="IGUIElement.h" o="gazdavidson" g="staff" p="33277"/><f n="IGUIElementFactory.h" o="gazdavidson" g="staff" p="33277"/><f n="IGUIEnvironment.h" o="gazdavidson" g="staff" p="33277"/><f n="IGUIFileOpenDialog.h" o="gazdavidson" g="staff" p="33277"/><f n="IGUIFont.h" o="gazdavidson" g="staff" p="33277"/><f n="IGUIFontBitmap.h" o="gazdavidson" g="staff" p="33277"/><f n="IGUIImage.h" o="gazdavidson" g="staff" p="33277"/><f n="IGUIInOutFader.h" o="gazdavidson" g="staff" p="33277"/><f n="IGUIListBox.h" o="gazdavidson" g="staff" p="33277"/><f n="IGUIMeshViewer.h" o="gazdavidson" g="staff" p="33277"/><f n="IGUIScrollBar.h" o="gazdavidson" g="staff" p="33277"/><f n="IGUISkin.h" o="gazdavidson" g="staff" p="33277"/><f n="IGUISpinBox.h" o="gazdavidson" g="staff" p="33277"/><f n="IGUISpriteBank.h" o="gazdavidson" g="staff" p="33277"/><f n="IGUIStaticText.h" o="gazdavidson" g="staff" p="33277"/><f n="IGUITabControl.h" o="gazdavidson" g="staff" p="33277"/><f n="IGUITable.h" o="gazdavidson" g="staff" p="33277"/><f n="IGUIToolbar.h" o="gazdavidson" g="staff" p="33277"/><f n="IGUIWindow.h" o="gazdavidson" g="staff" p="33277"/><f n="IImage.h" o="gazdavidson" g="staff" p="33277"/><f n="IImageLoader.h" o="gazdavidson" g="staff" p="33277"/><f n="IImageWriter.h" o="gazdavidson" g="staff" p="33277"/><f n="IIndexBuffer.h" o="gazdavidson" g="staff" p="33277"/><f n="ILightSceneNode.h" o="gazdavidson" g="staff" p="33277"/><f n="ILogger.h" o="gazdavidson" g="staff" p="33277"/><f n="IMaterialRenderer.h" o="gazdavidson" g="staff" p="33277"/><f n="IMaterialRendererServices.h" o="gazdavidson" g="staff" p="33277"/><f n="IMesh.h" o="gazdavidson" g="staff" p="33277"/><f n="IMeshBuffer.h" o="gazdavidson" g="staff" p="33277"/><f n="IMeshCache.h" o="gazdavidson" g="staff" p="33277"/><f n="IMeshLoader.h" o="gazdavidson" g="staff" p="33277"/><f n="IMeshManipulator.h" o="gazdavidson" g="staff" p="33277"/><f n="IMeshSceneNode.h" o="gazdavidson" g="staff" p="33277"/><f n="IMeshWriter.h" o="gazdavidson" g="staff" p="33277"/><f n="IMetaTriangleSelector.h" o="gazdavidson" g="staff" p="33277"/><f n="IOSOperator.h" o="gazdavidson" g="staff" p="33277"/><f n="IParticleAffector.h" o="gazdavidson" g="staff" p="33277"/><f n="IParticleAnimatedMeshSceneNodeEmitter.h" o="gazdavidson" g="staff" p="33277"/><f n="IParticleAttractionAffector.h" o="gazdavidson" g="staff" p="33277"/><f n="IParticleBoxEmitter.h" o="gazdavidson" g="staff" p="33277"/><f n="IParticleCylinderEmitter.h" o="gazdavidson" g="staff" p="33277"/><f n="IParticleEmitter.h" o="gazdavidson" g="staff" p="33277"/><f n="IParticleFadeOutAffector.h" o="gazdavidson" g="staff" p="33277"/><f n="IParticleGravityAffector.h" o="gazdavidson" g="staff" p="33277"/><f n="IParticleMeshEmitter.h" o="gazdavidson" g="staff" p="33277"/><f n="IParticleRingEmitter.h" o="gazdavidson" g="staff" p="33277"/><f n="IParticleRotationAffector.h" o="gazdavidson" g="staff" p="33277"/><f n="IParticleSphereEmitter.h" o="gazdavidson" g="staff" p="33277"/><f n="IParticleSystemSceneNode.h" o="gazdavidson" g="staff" p="33277"/><f n="IQ3LevelMesh.h" o="gazdavidson" g="staff" p="33277"/><f n="IQ3Shader.h" o="gazdavidson" g="staff" p="33277"/><f n="IReadFile.h" o="gazdavidson" g="staff" p="33277"/><f n="IReferenceCounted.h" o="gazdavidson" g="staff" p="33277"/><f n="irrAllocator.h" o="gazdavidson" g="staff" p="33277"/><f n="irrArray.h" o="gazdavidson" g="staff" p="33277"/><f n="IrrCompileConfig.h" o="gazdavidson" g="staff" p="33277"/><f n="irrlicht.h" o="gazdavidson" g="staff" p="33277"/><f n="IrrlichtDevice.h" o="gazdavidson" g="staff" p="33277"/><f n="irrList.h" o="gazdavidson" g="staff" p="33277"/><f n="irrMap.h" o="gazdavidson" g="staff" p="33277"/><f n="irrMath.h" o="gazdavidson" g="staff" p="33277"/><f n="irrString.h" o="gazdavidson" g="staff" p="33277"/><f n="irrTypes.h" o="gazdavidson" g="staff" p="33277"/><f n="irrXML.h" o="gazdavidson" g="staff" p="33277"/><f n="ISceneCollisionManager.h" o="gazdavidson" g="staff" p="33277"/><f n="ISceneManager.h" o="gazdavidson" g="staff" p="33277"/><f n="ISceneNode.h" o="gazdavidson" g="staff" p="33277"/><f n="ISceneNodeAnimator.h" o="gazdavidson" g="staff" p="33277"/><f n="ISceneNodeAnimatorCameraFPS.h" o="gazdavidson" g="staff" p="33277"/><f n="ISceneNodeAnimatorCameraMaya.h" o="gazdavidson" g="staff" p="33277"/><f n="ISceneNodeAnimatorCollisionResponse.h" o="gazdavidson" g="staff" p="33277"/><f n="ISceneNodeAnimatorFactory.h" o="gazdavidson" g="staff" p="33277"/><f n="ISceneNodeFactory.h" o="gazdavidson" g="staff" p="33277"/><f n="ISceneUserDataSerializer.h" o="gazdavidson" g="staff" p="33277"/><f n="IShaderConstantSetCallBack.h" o="gazdavidson" g="staff" p="33277"/><f n="IShadowVolumeSceneNode.h" o="gazdavidson" g="staff" p="33277"/><f n="ISkinnedMesh.h" o="gazdavidson" g="staff" p="33277"/><f n="ITerrainSceneNode.h" o="gazdavidson" g="staff" p="33277"/><f n="ITextSceneNode.h" o="gazdavidson" g="staff" p="33277"/><f n="ITexture.h" o="gazdavidson" g="staff" p="33277"/><f n="ITimer.h" o="gazdavidson" g="staff" p="33277"/><f n="ITriangleSelector.h" o="gazdavidson" g="staff" p="33277"/><f n="IVertexBuffer.h" o="gazdavidson" g="staff" p="33277"/><f n="IVideoDriver.h" o="gazdavidson" g="staff" p="33277"/><f n="IVideoModeList.h" o="gazdavidson" g="staff" p="33277"/><f n="IVolumeLightSceneNode.h" o="gazdavidson" g="staff" p="33277"/><f n="IWriteFile.h" o="gazdavidson" g="staff" p="33277"/><f n="IXMLReader.h" o="gazdavidson" g="staff" p="33277"/><f n="IXMLWriter.h" o="gazdavidson" g="staff" p="33277"/><f n="Keycodes.h" o="gazdavidson" g="staff" p="33277"/><f n="line2d.h" o="gazdavidson" g="staff" p="33277"/><f n="line3d.h" o="gazdavidson" g="staff" p="33277"/><f n="matrix4.h" o="gazdavidson" g="staff" p="33277"/><f n="plane3d.h" o="gazdavidson" g="staff" p="33277"/><f n="position2d.h" o="gazdavidson" g="staff" p="33277"/><f n="quaternion.h" o="gazdavidson" g="staff" p="33277"/><f n="rect.h" o="gazdavidson" g="staff" p="33277"/><f n="S3DVertex.h" o="gazdavidson" g="staff" p="33277"/><f n="SAnimatedMesh.h" o="gazdavidson" g="staff" p="33277"/><f n="SceneParameters.h" o="gazdavidson" g="staff" p="33277"/><f n="SColor.h" o="gazdavidson" g="staff" p="33277"/><f n="SExposedVideoData.h" o="gazdavidson" g="staff" p="33277"/><f n="SIrrCreationParameters.h" o="gazdavidson" g="staff" p="33277"/><f n="SKeyMap.h" o="gazdavidson" g="staff" p="33277"/><f n="SLight.h" o="gazdavidson" g="staff" p="33277"/><f n="SMaterial.h" o="gazdavidson" g="staff" p="33277"/><f n="SMaterialLayer.h" o="gazdavidson" g="staff" p="33277"/><f n="SMesh.h" o="gazdavidson" g="staff" p="33277"/><f n="SMeshBuffer.h" o="gazdavidson" g="staff" p="33277"/><f n="SMeshBufferLightMap.h" o="gazdavidson" g="staff" p="33277"/><f n="SMeshBufferTangents.h" o="gazdavidson" g="staff" p="33277"/><f n="SParticle.h" o="gazdavidson" g="staff" p="33277"/><f n="SSharedMeshBuffer.h" o="gazdavidson" g="staff" p="33277"/><f n="SSkinMeshBuffer.h" o="gazdavidson" g="staff" p="33277"/><f n="SVertexIndex.h" o="gazdavidson" g="staff" p="33277"/><f n="SViewFrustum.h" o="gazdavidson" g="staff" p="33277"/><f n="triangle3d.h" o="gazdavidson" g="staff" p="33277"/><f n="vector2d.h" o="gazdavidson" g="staff" p="33277"/><f n="vector3d.h" o="gazdavidson" g="staff" p="33277"/></f><f n="Irrlicht" o="gazdavidson" g="staff" p="33277"/><f n="Resources" o="gazdavidson" g="staff" p="16893"><f n="Info.plist" o="gazdavidson" g="staff" p="33277"/></f></f></f></f></pkg-contents>