<pkgref spec="1.12" uuid="2386F932-20DF-4969-AC74-D8E599723083"><config><identifier>org.irrlichtengine.irrlichtEngineV151.irrlicht.pkg</identifier><version>1</version><description></description><post-install type="none"/><requireAuthorization/><installFrom includeRoot="true">/Library/Frameworks/Irrlicht.framework</installFrom><installTo>/Library/Frameworks</installTo><flags><followSymbolicLinks/></flags><packageStore type="internal"></packageStore><mod>parent</mod><mod>requireAuthorization</mod><mod>extraFiles</mod><mod>version</mod><mod>installTo</mod><mod>identifier</mod></config><contents><file-list>01irrlicht-contents.xml</file-list><component id="org.irrlichtengine.Irrlicht" path="/Library/Frameworks/Irrlicht.framework" version="1.6"><component id="org.irrlichtengine.Irrlicht" path="/Library/Frameworks/Irrlicht.framework/Versions/1.5" version="1.6"/></component><filter>/CVS$</filter><filter>/\.svn$</filter><filter>/\.cvsignore$</filter><filter>/\.cvspass$</filter><filter>/\.DS_Store$</filter></contents><extra-files/></pkgref>