<pkg-contents spec="1.12"><f n="html" o="gazdavidson" g="staff" p="16877" pt="/Users/gazdavidson/svn/irr1.5/doctemp/html" m="true" t="file"><f n="001shot.jpg" o="gazdavidson" g="staff" p="33204" x="true"><mod>mode</mod></f><f n="002shot.jpg" o="gazdavidson" g="staff" p="33204" x="true"><mod>mode</mod></f><f n="003shot.jpg" o="gazdavidson" g="staff" p="33204" x="true"><mod>mode</mod></f><f n="004shot.jpg" o="gazdavidson" g="staff" p="33204" x="true"><mod>mode</mod></f><f n="005shot.jpg" o="gazdavidson" g="staff" p="33204" x="true"><mod>mode</mod></f><f n="006shot.jpg" o="gazdavidson" g="staff" p="33204" x="true"><mod>mode</mod></f><f n="007shot.jpg" o="gazdavidson" g="staff" p="33204" x="true"><mod>mode</mod></f><f n="008shot.jpg" o="gazdavidson" g="staff" p="33204" x="true"><mod>mode</mod></f><f n="009shot.jpg" o="gazdavidson" g="staff" p="33204" x="true"><mod>mode</mod></f><f n="010shot.jpg" o="gazdavidson" g="staff" p="33204" x="true"><mod>mode</mod></f><f n="011shot.jpg" o="gazdavidson" g="staff" p="33204" x="true"><mod>mode</mod></f><f n="012shot.jpg" o="gazdavidson" g="staff" p="33204" x="true"><mod>mode</mod></f><f n="013shot.jpg" o="gazdavidson" g="staff" p="33204" x="true"><mod>mode</mod></f><f n="014shot.jpg" o="gazdavidson" g="staff" p="33204" x="true"><mod>mode</mod></f><f n="015shot.jpg" o="gazdavidson" g="staff" p="33204" x="true"><mod>mode</mod></f><f n="016shot.jpg" o="gazdavidson" g="staff" p="33204" x="true"><mod>mode</mod></f><f n="017shot.jpg" o="gazdavidson" g="staff" p="33204" x="true"><mod>mode</mod></f><f n="018shot.jpg" o="gazdavidson" g="staff" p="33204" x="true"><mod>mode</mod></f><f n="019shot.jpg" o="gazdavidson" g="staff" p="33204" x="true"><mod>mode</mod></f><f n="_c_dynamic_mesh_buffer_8h-source.html" o="gazdavidson" g="staff" p="33204"><mod>mode</mod></f><f n="_c_dynamic_mesh_buffer_8h.html" o="gazdavidson" g="staff" p="33204"><mod>mode</mod></f><f n="_c_index_buffer_8h-source.html" o="gazdavidson" g="staff" p="33204"><mod>mode</mod></f><f n="_c_index_buffer_8h.html" o="gazdavidson" g="staff" p="33204"><mod>mode</mod></f><f n="_c_mesh_buffer_8h-source.html" o="gazdavidson" g="staff" p="33204"><mod>mode</mod></f><f n="_c_mesh_buffer_8h.html" o="gazdavidson" g="staff" p="33204"><mod>mode</mod></f><f n="_c_vertex_buffer_8h-source.html" o="gazdavidson" g="staff" p="33204"><mod>mode</mod></f><f n="_c_vertex_buffer_8h.html" o="gazdavidson" g="staff" p="33204"><mod>mode</mod></f><f n="_e_culling_types_8h-source.html" o="gazdavidson" g="staff" p="33204"><mod>mode</mod></f><f n="_e_culling_types_8h.html" o="gazdavidson" g="staff" p="33204"><mod>mode</mod></f><f n="_e_debug_scene_types_8h-source.html" o="gazdavidson" g="staff" p="33204"><mod>mode</mod></f><f n="_e_debug_scene_types_8h.html" o="gazdavidson" g="staff" p="33204"><mod>mode</mod></f><f n="_e_driver_features_8h-source.html" o="gazdavidson" g="staff" p="33204"><mod>mode</mod></f><f n="_e_driver_features_8h.html" o="gazdavidson" g="staff" p="33204"><mod>mode</mod></f><f n="_e_driver_types_8h-source.html" o="gazdavidson" g="staff" p="33204"><mod>mode</mod></f><f n="_e_driver_types_8h.html" o="gazdavidson" g="staff" p="33204"><mod>mode</mod></f><f n="_e_g_u_i_alignment_8h-source.html" o="gazdavidson" g="staff" p="33204"><mod>mode</mod></f><f n="_e_g_u_i_alignment_8h.html" o="gazdavidson" g="staff" p="33204"><mod>mode</mod></f><f n="_e_g_u_i_element_types_8h-source.html" o="gazdavidson" g="staff" p="33204"><mod>mode</mod></f><f n="_e_g_u_i_element_types_8h.html" o="gazdavidson" g="staff" p="33204"><mod>mode</mod></f><f n="_e_hardware_buffer_flags_8h-source.html" o="gazdavidson" g="staff" p="33204"><mod>mode</mod></f><f n="_e_hardware_buffer_flags_8h.html" o="gazdavidson" g="staff" p="33204"><mod>mode</mod></f><f n="_e_material_flags_8h-source.html" o="gazdavidson" g="staff" p="33204"><mod>mode</mod></f><f n="_e_material_flags_8h.html" o="gazdavidson" g="staff" p="33204"><mod>mode</mod></f><f n="_e_material_types_8h-source.html" o="gazdavidson" g="staff" p="33204"><mod>mode</mod></f><f n="_e_material_types_8h.html" o="gazdavidson" g="staff" p="33204"><mod>mode</mod></f><f n="_e_mesh_writer_enums_8h-source.html" o="gazdavidson" g="staff" p="33204"><mod>mode</mod></f><f n="_e_mesh_writer_enums_8h.html" o="gazdavidson" g="staff" p="33204"><mod>mode</mod></f><f n="_e_message_box_flags_8h-source.html" o="gazdavidson" g="staff" p="33204"><mod>mode</mod></f><f n="_e_message_box_flags_8h.html" o="gazdavidson" g="staff" p="33204"><mod>mode</mod></f><f n="_e_scene_node_animator_types_8h-source.html" o="gazdavidson" g="staff" p="33204"><mod>mode</mod></f><f n="_e_scene_node_animator_types_8h.html" o="gazdavidson" g="staff" p="33204"><mod>mode</mod></f><f n="_e_scene_node_types_8h-source.html" o="gazdavidson" g="staff" p="33204"><mod>mode</mod></f><f n="_e_scene_node_types_8h.html" o="gazdavidson" g="staff" p="33204"><mod>mode</mod></f><f n="_e_terrain_elements_8h-source.html" o="gazdavidson" g="staff" p="33204"><mod>mode</mod></f><f n="_e_terrain_elements_8h.html" o="gazdavidson" g="staff" p="33204"><mod>mode</mod></f><f n="_i_animated_mesh_8h-source.html" o="gazdavidson" g="staff" p="33204"><mod>mode</mod></f><f n="_i_animated_mesh_8h.html" o="gazdavidson" g="staff" p="33204"><mod>mode</mod></f><f n="_i_animated_mesh_m_d2_8h-source.html" o="gazdavidson" g="staff" p="33204"><mod>mode</mod></f><f n="_i_animated_mesh_m_d2_8h.html" o="gazdavidson" g="staff" p="33204"><mod>mode</mod></f><f n="_i_animated_mesh_m_d3_8h-source.html" o="gazdavidson" g="staff" p="33204"><mod>mode</mod></f><f n="_i_animated_mesh_m_d3_8h.html" o="gazdavidson" g="staff" p="33204"><mod>mode</mod></f><f n="_i_animated_mesh_scene_node_8h-source.html" o="gazdavidson" g="staff" p="33204"><mod>mode</mod></f><f n="_i_animated_mesh_scene_node_8h.html" o="gazdavidson" g="staff" p="33204"><mod>mode</mod></f><f n="_i_attribute_exchanging_object_8h-source.html" o="gazdavidson" g="staff" p="33204"><mod>mode</mod></f><f n="_i_attribute_exchanging_object_8h.html" o="gazdavidson" g="staff" p="33204"><mod>mode</mod></f><f n="_i_attributes_8h-source.html" o="gazdavidson" g="staff" p="33204"><mod>mode</mod></f><f n="_i_attributes_8h.html" o="gazdavidson" g="staff" p="33204"><mod>mode</mod></f><f n="_i_billboard_scene_node_8h-source.html" o="gazdavidson" g="staff" p="33204"><mod>mode</mod></f><f n="_i_billboard_scene_node_8h.html" o="gazdavidson" g="staff" p="33204"><mod>mode</mod></f><f n="_i_billboard_text_scene_node_8h-source.html" o="gazdavidson" g="staff" p="33204"><mod>mode</mod></f><f n="_i_billboard_text_scene_node_8h.html" o="gazdavidson" g="staff" p="33204"><mod>mode</mod></f><f n="_i_bone_scene_node_8h-source.html" o="gazdavidson" g="staff" p="33204"><mod>mode</mod></f><f n="_i_bone_scene_node_8h.html" o="gazdavidson" g="staff" p="33204"><mod>mode</mod></f><f n="_i_camera_scene_node_8h-source.html" o="gazdavidson" g="staff" p="33204"><mod>mode</mod></f><f n="_i_camera_scene_node_8h.html" o="gazdavidson" g="staff" p="33204"><mod>mode</mod></f><f n="_i_cursor_control_8h-source.html" o="gazdavidson" g="staff" p="33204"><mod>mode</mod></f><f n="_i_cursor_control_8h.html" o="gazdavidson" g="staff" p="33204"><mod>mode</mod></f><f n="_i_dummy_transformation_scene_node_8h-source.html" o="gazdavidson" g="staff" p="33204"><mod>mode</mod></f><f n="_i_dummy_transformation_scene_node_8h.html" o="gazdavidson" g="staff" p="33204"><mod>mode</mod></f><f n="_i_dynamic_mesh_buffer_8h-source.html" o="gazdavidson" g="staff" p="33204"><mod>mode</mod></f><f n="_i_dynamic_mesh_buffer_8h.html" o="gazdavidson" g="staff" p="33204"><mod>mode</mod></f><f n="_i_event_receiver_8h-source.html" o="gazdavidson" g="staff" p="33204"><mod>mode</mod></f><f n="_i_event_receiver_8h.html" o="gazdavidson" g="staff" p="33204"><mod>mode</mod></f><f n="_i_file_list_8h-source.html" o="gazdavidson" g="staff" p="33204"><mod>mode</mod></f><f n="_i_file_list_8h.html" o="gazdavidson" g="staff" p="33204"><mod>mode</mod></f><f n="_i_file_system_8h-source.html" o="gazdavidson" g="staff" p="33204"><mod>mode</mod></f><f n="_i_file_system_8h.html" o="gazdavidson" g="staff" p="33204"><mod>mode</mod></f><f n="_i_g_p_u_programming_services_8h-source.html" o="gazdavidson" g="staff" p="33204"><mod>mode</mod></f><f n="_i_g_p_u_programming_services_8h.html" o="gazdavidson" g="staff" p="33204"><mod>mode</mod></f><f n="_i_g_u_i_button_8h-source.html" o="gazdavidson" g="staff" p="33204"><mod>mode</mod></f><f n="_i_g_u_i_button_8h.html" o="gazdavidson" g="staff" p="33204"><mod>mode</mod></f><f n="_i_g_u_i_check_box_8h-source.html" o="gazdavidson" g="staff" p="33204"><mod>mode</mod></f><f n="_i_g_u_i_check_box_8h.html" o="gazdavidson" g="staff" p="33204"><mod>mode</mod></f><f n="_i_g_u_i_color_select_dialog_8h-source.html" o="gazdavidson" g="staff" p="33204"><mod>mode</mod></f><f n="_i_g_u_i_color_select_dialog_8h.html" o="gazdavidson" g="staff" p="33204"><mod>mode</mod></f><f n="_i_g_u_i_combo_box_8h-source.html" o="gazdavidson" g="staff" p="33204"><mod>mode</mod></f><f n="_i_g_u_i_combo_box_8h.html" o="gazdavidson" g="staff" p="33204"><mod>mode</mod></f><f n="_i_g_u_i_context_menu_8h-source.html" o="gazdavidson" g="staff" p="33204"><mod>mode</mod></f><f n="_i_g_u_i_context_menu_8h.html" o="gazdavidson" g="staff" p="33204"><mod>mode</mod></f><f n="_i_g_u_i_edit_box_8h-source.html" o="gazdavidson" g="staff" p="33204"><mod>mode</mod></f><f n="_i_g_u_i_edit_box_8h.html" o="gazdavidson" g="staff" p="33204"><mod>mode</mod></f><f n="_i_g_u_i_element_8h-source.html" o="gazdavidson" g="staff" p="33204"><mod>mode</mod></f><f n="_i_g_u_i_element_8h.html" o="gazdavidson" g="staff" p="33204"><mod>mode</mod></f><f n="_i_g_u_i_element_factory_8h-source.html" o="gazdavidson" g="staff" p="33204"><mod>mode</mod></f><f n="_i_g_u_i_element_factory_8h.html" o="gazdavidson" g="staff" p="33204"><mod>mode</mod></f><f n="_i_g_u_i_environment_8h-source.html" o="gazdavidson" g="staff" p="33204"><mod>mode</mod></f><f n="_i_g_u_i_environment_8h.html" o="gazdavidson" g="staff" p="33204"><mod>mode</mod></f><f n="_i_g_u_i_file_open_dialog_8h-source.html" o="gazdavidson" g="staff" p="33204"><mod>mode</mod></f><f n="_i_g_u_i_file_open_dialog_8h.html" o="gazdavidson" g="staff" p="33204"><mod>mode</mod></f><f n="_i_g_u_i_font_8h-source.html" o="gazdavidson" g="staff" p="33204"><mod>mode</mod></f><f n="_i_g_u_i_font_8h.html" o="gazdavidson" g="staff" p="33204"><mod>mode</mod></f><f n="_i_g_u_i_font_bitmap_8h-source.html" o="gazdavidson" g="staff" p="33204"><mod>mode</mod></f><f n="_i_g_u_i_font_bitmap_8h.html" o="gazdavidson" g="staff" p="33204"><mod>mode</mod></f><f n="_i_g_u_i_image_8h-source.html" o="gazdavidson" g="staff" p="33204"><mod>mode</mod></f><f n="_i_g_u_i_image_8h.html" o="gazdavidson" g="staff" p="33204"><mod>mode</mod></f><f n="_i_g_u_i_in_out_fader_8h-source.html" o="gazdavidson" g="staff" p="33204"><mod>mode</mod></f><f n="_i_g_u_i_in_out_fader_8h.html" o="gazdavidson" g="staff" p="33204"><mod>mode</mod></f><f n="_i_g_u_i_list_box_8h-source.html" o="gazdavidson" g="staff" p="33204"><mod>mode</mod></f><f n="_i_g_u_i_list_box_8h.html" o="gazdavidson" g="staff" p="33204"><mod>mode</mod></f><f n="_i_g_u_i_mesh_viewer_8h-source.html" o="gazdavidson" g="staff" p="33204"><mod>mode</mod></f><f n="_i_g_u_i_mesh_viewer_8h.html" o="gazdavidson" g="staff" p="33204"><mod>mode</mod></f><f n="_i_g_u_i_scroll_bar_8h-source.html" o="gazdavidson" g="staff" p="33204"><mod>mode</mod></f><f n="_i_g_u_i_scroll_bar_8h.html" o="gazdavidson" g="staff" p="33204"><mod>mode</mod></f><f n="_i_g_u_i_skin_8h-source.html" o="gazdavidson" g="staff" p="33204"><mod>mode</mod></f><f n="_i_g_u_i_skin_8h.html" o="gazdavidson" g="staff" p="33204"><mod>mode</mod></f><f n="_i_g_u_i_spin_box_8h-source.html" o="gazdavidson" g="staff" p="33204"><mod>mode</mod></f><f n="_i_g_u_i_spin_box_8h.html" o="gazdavidson" g="staff" p="33204"><mod>mode</mod></f><f n="_i_g_u_i_sprite_bank_8h-source.html" o="gazdavidson" g="staff" p="33204"><mod>mode</mod></f><f n="_i_g_u_i_sprite_bank_8h.html" o="gazdavidson" g="staff" p="33204"><mod>mode</mod></f><f n="_i_g_u_i_static_text_8h-source.html" o="gazdavidson" g="staff" p="33204"><mod>mode</mod></f><f n="_i_g_u_i_static_text_8h.html" o="gazdavidson" g="staff" p="33204"><mod>mode</mod></f><f n="_i_g_u_i_tab_control_8h-source.html" o="gazdavidson" g="staff" p="33204"><mod>mode</mod></f><f n="_i_g_u_i_tab_control_8h.html" o="gazdavidson" g="staff" p="33204"><mod>mode</mod></f><f n="_i_g_u_i_table_8h-source.html" o="gazdavidson" g="staff" p="33204"><mod>mode</mod></f><f n="_i_g_u_i_table_8h.html" o="gazdavidson" g="staff" p="33204"><mod>mode</mod></f><f n="_i_g_u_i_toolbar_8h-source.html" o="gazdavidson" g="staff" p="33204"><mod>mode</mod></f><f n="_i_g_u_i_toolbar_8h.html" o="gazdavidson" g="staff" p="33204"><mod>mode</mod></f><f n="_i_g_u_i_window_8h-source.html" o="gazdavidson" g="staff" p="33204"><mod>mode</mod></f><f n="_i_g_u_i_window_8h.html" o="gazdavidson" g="staff" p="33204"><mod>mode</mod></f><f n="_i_image_8h-source.html" o="gazdavidson" g="staff" p="33204"><mod>mode</mod></f><f n="_i_image_8h.html" o="gazdavidson" g="staff" p="33204"><mod>mode</mod></f><f n="_i_image_loader_8h-source.html" o="gazdavidson" g="staff" p="33204"><mod>mode</mod></f><f n="_i_image_loader_8h.html" o="gazdavidson" g="staff" p="33204"><mod>mode</mod></f><f n="_i_image_writer_8h-source.html" o="gazdavidson" g="staff" p="33204"><mod>mode</mod></f><f n="_i_image_writer_8h.html" o="gazdavidson" g="staff" p="33204"><mod>mode</mod></f><f n="_i_index_buffer_8h-source.html" o="gazdavidson" g="staff" p="33204"><mod>mode</mod></f><f n="_i_index_buffer_8h.html" o="gazdavidson" g="staff" p="33204"><mod>mode</mod></f><f n="_i_light_scene_node_8h-source.html" o="gazdavidson" g="staff" p="33204"><mod>mode</mod></f><f n="_i_light_scene_node_8h.html" o="gazdavidson" g="staff" p="33204"><mod>mode</mod></f><f n="_i_logger_8h-source.html" o="gazdavidson" g="staff" p="33204"><mod>mode</mod></f><f n="_i_logger_8h.html" o="gazdavidson" g="staff" p="33204"><mod>mode</mod></f><f n="_i_material_renderer_8h-source.html" o="gazdavidson" g="staff" p="33204"><mod>mode</mod></f><f n="_i_material_renderer_8h.html" o="gazdavidson" g="staff" p="33204"><mod>mode</mod></f><f n="_i_material_renderer_services_8h-source.html" o="gazdavidson" g="staff" p="33204"><mod>mode</mod></f><f n="_i_material_renderer_services_8h.html" o="gazdavidson" g="staff" p="33204"><mod>mode</mod></f><f n="_i_mesh_8h-source.html" o="gazdavidson" g="staff" p="33204"><mod>mode</mod></f><f n="_i_mesh_8h.html" o="gazdavidson" g="staff" p="33204"><mod>mode</mod></f><f n="_i_mesh_buffer_8h-source.html" o="gazdavidson" g="staff" p="33204"><mod>mode</mod></f><f n="_i_mesh_buffer_8h.html" o="gazdavidson" g="staff" p="33204"><mod>mode</mod></f><f n="_i_mesh_cache_8h-source.html" o="gazdavidson" g="staff" p="33204"><mod>mode</mod></f><f n="_i_mesh_cache_8h.html" o="gazdavidson" g="staff" p="33204"><mod>mode</mod></f><f n="_i_mesh_loader_8h-source.html" o="gazdavidson" g="staff" p="33204"><mod>mode</mod></f><f n="_i_mesh_loader_8h.html" o="gazdavidson" g="staff" p="33204"><mod>mode</mod></f><f n="_i_mesh_manipulator_8h-source.html" o="gazdavidson" g="staff" p="33204"><mod>mode</mod></f><f n="_i_mesh_manipulator_8h.html" o="gazdavidson" g="staff" p="33204"><mod>mode</mod></f><f n="_i_mesh_scene_node_8h-source.html" o="gazdavidson" g="staff" p="33204"><mod>mode</mod></f><f n="_i_mesh_scene_node_8h.html" o="gazdavidson" g="staff" p="33204"><mod>mode</mod></f><f n="_i_mesh_writer_8h-source.html" o="gazdavidson" g="staff" p="33204"><mod>mode</mod></f><f n="_i_mesh_writer_8h.html" o="gazdavidson" g="staff" p="33204"><mod>mode</mod></f><f n="_i_meta_triangle_selector_8h-source.html" o="gazdavidson" g="staff" p="33204"><mod>mode</mod></f><f n="_i_meta_triangle_selector_8h.html" o="gazdavidson" g="staff" p="33204"><mod>mode</mod></f><f n="_i_o_s_operator_8h-source.html" o="gazdavidson" g="staff" p="33204"><mod>mode</mod></f><f n="_i_o_s_operator_8h.html" o="gazdavidson" g="staff" p="33204"><mod>mode</mod></f><f n="_i_particle_affector_8h-source.html" o="gazdavidson" g="staff" p="33204"><mod>mode</mod></f><f n="_i_particle_affector_8h.html" o="gazdavidson" g="staff" p="33204"><mod>mode</mod></f><f n="_i_particle_animated_mesh_scene_node_emitter_8h-source.html" o="gazdavidson" g="staff" p="33204"><mod>mode</mod></f><f n="_i_particle_animated_mesh_scene_node_emitter_8h.html" o="gazdavidson" g="staff" p="33204"><mod>mode</mod></f><f n="_i_particle_attraction_affector_8h-source.html" o="gazdavidson" g="staff" p="33204"><mod>mode</mod></f><f n="_i_particle_attraction_affector_8h.html" o="gazdavidson" g="staff" p="33204"><mod>mode</mod></f><f n="_i_particle_box_emitter_8h-source.html" o="gazdavidson" g="staff" p="33204"><mod>mode</mod></f><f n="_i_particle_box_emitter_8h.html" o="gazdavidson" g="staff" p="33204"><mod>mode</mod></f><f n="_i_particle_cylinder_emitter_8h-source.html" o="gazdavidson" g="staff" p="33204"><mod>mode</mod></f><f n="_i_particle_cylinder_emitter_8h.html" o="gazdavidson" g="staff" p="33204"><mod>mode</mod></f><f n="_i_particle_emitter_8h-source.html" o="gazdavidson" g="staff" p="33204"><mod>mode</mod></f><f n="_i_particle_emitter_8h.html" o="gazdavidson" g="staff" p="33204"><mod>mode</mod></f><f n="_i_particle_fade_out_affector_8h-source.html" o="gazdavidson" g="staff" p="33204"><mod>mode</mod></f><f n="_i_particle_fade_out_affector_8h.html" o="gazdavidson" g="staff" p="33204"><mod>mode</mod></f><f n="_i_particle_gravity_affector_8h-source.html" o="gazdavidson" g="staff" p="33204"><mod>mode</mod></f><f n="_i_particle_gravity_affector_8h.html" o="gazdavidson" g="staff" p="33204"><mod>mode</mod></f><f n="_i_particle_mesh_emitter_8h-source.html" o="gazdavidson" g="staff" p="33204"><mod>mode</mod></f><f n="_i_particle_mesh_emitter_8h.html" o="gazdavidson" g="staff" p="33204"><mod>mode</mod></f><f n="_i_particle_ring_emitter_8h-source.html" o="gazdavidson" g="staff" p="33204"><mod>mode</mod></f><f n="_i_particle_ring_emitter_8h.html" o="gazdavidson" g="staff" p="33204"><mod>mode</mod></f><f n="_i_particle_rotation_affector_8h-source.html" o="gazdavidson" g="staff" p="33204"><mod>mode</mod></f><f n="_i_particle_rotation_affector_8h.html" o="gazdavidson" g="staff" p="33204"><mod>mode</mod></f><f n="_i_particle_sphere_emitter_8h-source.html" o="gazdavidson" g="staff" p="33204"><mod>mode</mod></f><f n="_i_particle_sphere_emitter_8h.html" o="gazdavidson" g="staff" p="33204"><mod>mode</mod></f><f n="_i_particle_system_scene_node_8h-source.html" o="gazdavidson" g="staff" p="33204"><mod>mode</mod></f><f n="_i_particle_system_scene_node_8h.html" o="gazdavidson" g="staff" p="33204"><mod>mode</mod></f><f n="_i_q3_level_mesh_8h-source.html" o="gazdavidson" g="staff" p="33204"><mod>mode</mod></f><f n="_i_q3_level_mesh_8h.html" o="gazdavidson" g="staff" p="33204"><mod>mode</mod></f><f n="_i_q3_shader_8h-source.html" o="gazdavidson" g="staff" p="33204"><mod>mode</mod></f><f n="_i_q3_shader_8h.html" o="gazdavidson" g="staff" p="33204"><mod>mode</mod></f><f n="_i_read_file_8h-source.html" o="gazdavidson" g="staff" p="33204"><mod>mode</mod></f><f n="_i_read_file_8h.html" o="gazdavidson" g="staff" p="33204"><mod>mode</mod></f><f n="_i_reference_counted_8h-source.html" o="gazdavidson" g="staff" p="33204"><mod>mode</mod></f><f n="_i_reference_counted_8h.html" o="gazdavidson" g="staff" p="33204"><mod>mode</mod></f><f n="_i_scene_collision_manager_8h-source.html" o="gazdavidson" g="staff" p="33204"><mod>mode</mod></f><f n="_i_scene_collision_manager_8h.html" o="gazdavidson" g="staff" p="33204"><mod>mode</mod></f><f n="_i_scene_manager_8h-source.html" o="gazdavidson" g="staff" p="33204"><mod>mode</mod></f><f n="_i_scene_manager_8h.html" o="gazdavidson" g="staff" p="33204"><mod>mode</mod></f><f n="_i_scene_node_8h-source.html" o="gazdavidson" g="staff" p="33204"><mod>mode</mod></f><f n="_i_scene_node_8h.html" o="gazdavidson" g="staff" p="33204"><mod>mode</mod></f><f n="_i_scene_node_animator_8h-source.html" o="gazdavidson" g="staff" p="33204"><mod>mode</mod></f><f n="_i_scene_node_animator_8h.html" o="gazdavidson" g="staff" p="33204"><mod>mode</mod></f><f n="_i_scene_node_animator_camera_f_p_s_8h-source.html" o="gazdavidson" g="staff" p="33204"><mod>mode</mod></f><f n="_i_scene_node_animator_camera_f_p_s_8h.html" o="gazdavidson" g="staff" p="33204"><mod>mode</mod></f><f n="_i_scene_node_animator_camera_maya_8h-source.html" o="gazdavidson" g="staff" p="33204"><mod>mode</mod></f><f n="_i_scene_node_animator_camera_maya_8h.html" o="gazdavidson" g="staff" p="33204"><mod>mode</mod></f><f n="_i_scene_node_animator_collision_response_8h-source.html" o="gazdavidson" g="staff" p="33204"><mod>mode</mod></f><f n="_i_scene_node_animator_collision_response_8h.html" o="gazdavidson" g="staff" p="33204"><mod>mode</mod></f><f n="_i_scene_node_animator_factory_8h-source.html" o="gazdavidson" g="staff" p="33204"><mod>mode</mod></f><f n="_i_scene_node_animator_factory_8h.html" o="gazdavidson" g="staff" p="33204"><mod>mode</mod></f><f n="_i_scene_node_factory_8h-source.html" o="gazdavidson" g="staff" p="33204"><mod>mode</mod></f><f n="_i_scene_node_factory_8h.html" o="gazdavidson" g="staff" p="33204"><mod>mode</mod></f><f n="_i_scene_user_data_serializer_8h-source.html" o="gazdavidson" g="staff" p="33204"><mod>mode</mod></f><f n="_i_scene_user_data_serializer_8h.html" o="gazdavidson" g="staff" p="33204"><mod>mode</mod></f><f n="_i_shader_constant_set_call_back_8h-source.html" o="gazdavidson" g="staff" p="33204"><mod>mode</mod></f><f n="_i_shader_constant_set_call_back_8h.html" o="gazdavidson" g="staff" p="33204"><mod>mode</mod></f><f n="_i_shadow_volume_scene_node_8h-source.html" o="gazdavidson" g="staff" p="33204"><mod>mode</mod></f><f n="_i_shadow_volume_scene_node_8h.html" o="gazdavidson" g="staff" p="33204"><mod>mode</mod></f><f n="_i_skinned_mesh_8h-source.html" o="gazdavidson" g="staff" p="33204"><mod>mode</mod></f><f n="_i_skinned_mesh_8h.html" o="gazdavidson" g="staff" p="33204"><mod>mode</mod></f><f n="_i_terrain_scene_node_8h-source.html" o="gazdavidson" g="staff" p="33204"><mod>mode</mod></f><f n="_i_terrain_scene_node_8h.html" o="gazdavidson" g="staff" p="33204"><mod>mode</mod></f><f n="_i_text_scene_node_8h-source.html" o="gazdavidson" g="staff" p="33204"><mod>mode</mod></f><f n="_i_text_scene_node_8h.html" o="gazdavidson" g="staff" p="33204"><mod>mode</mod></f><f n="_i_texture_8h-source.html" o="gazdavidson" g="staff" p="33204"><mod>mode</mod></f><f n="_i_texture_8h.html" o="gazdavidson" g="staff" p="33204"><mod>mode</mod></f><f n="_i_timer_8h-source.html" o="gazdavidson" g="staff" p="33204"><mod>mode</mod></f><f n="_i_timer_8h.html" o="gazdavidson" g="staff" p="33204"><mod>mode</mod></f><f n="_i_triangle_selector_8h-source.html" o="gazdavidson" g="staff" p="33204"><mod>mode</mod></f><f n="_i_triangle_selector_8h.html" o="gazdavidson" g="staff" p="33204"><mod>mode</mod></f><f n="_i_vertex_buffer_8h-source.html" o="gazdavidson" g="staff" p="33204"><mod>mode</mod></f><f n="_i_vertex_buffer_8h.html" o="gazdavidson" g="staff" p="33204"><mod>mode</mod></f><f n="_i_video_driver_8h-source.html" o="gazdavidson" g="staff" p="33204"><mod>mode</mod></f><f n="_i_video_driver_8h.html" o="gazdavidson" g="staff" p="33204"><mod>mode</mod></f><f n="_i_video_mode_list_8h-source.html" o="gazdavidson" g="staff" p="33204"><mod>mode</mod></f><f n="_i_video_mode_list_8h.html" o="gazdavidson" g="staff" p="33204"><mod>mode</mod></f><f n="_i_volume_light_scene_node_8h-source.html" o="gazdavidson" g="staff" p="33204"><mod>mode</mod></f><f n="_i_volume_light_scene_node_8h.html" o="gazdavidson" g="staff" p="33204"><mod>mode</mod></f><f n="_i_write_file_8h-source.html" o="gazdavidson" g="staff" p="33204"><mod>mode</mod></f><f n="_i_write_file_8h.html" o="gazdavidson" g="staff" p="33204"><mod>mode</mod></f><f n="_i_x_m_l_reader_8h-source.html" o="gazdavidson" g="staff" p="33204"><mod>mode</mod></f><f n="_i_x_m_l_reader_8h.html" o="gazdavidson" g="staff" p="33204"><mod>mode</mod></f><f n="_i_x_m_l_writer_8h-source.html" o="gazdavidson" g="staff" p="33204"><mod>mode</mod></f><f n="_i_x_m_l_writer_8h.html" o="gazdavidson" g="staff" p="33204"><mod>mode</mod></f><f n="_irr_compile_config_8h-source.html" o="gazdavidson" g="staff" p="33204"><mod>mode</mod></f><f n="_irr_compile_config_8h.html" o="gazdavidson" g="staff" p="33204"><mod>mode</mod></f><f n="_irrlicht_device_8h-source.html" o="gazdavidson" g="staff" p="33204"><mod>mode</mod></f><f n="_irrlicht_device_8h.html" o="gazdavidson" g="staff" p="33204"><mod>mode</mod></f><f n="_keycodes_8h-source.html" o="gazdavidson" g="staff" p="33204"><mod>mode</mod></f><f n="_keycodes_8h.html" o="gazdavidson" g="staff" p="33204"><mod>mode</mod></f><f n="_s3_d_vertex_8h-source.html" o="gazdavidson" g="staff" p="33204"><mod>mode</mod></f><f n="_s3_d_vertex_8h.html" o="gazdavidson" g="staff" p="33204"><mod>mode</mod></f><f n="_s_animated_mesh_8h-source.html" o="gazdavidson" g="staff" p="33204"><mod>mode</mod></f><f n="_s_animated_mesh_8h.html" o="gazdavidson" g="staff" p="33204"><mod>mode</mod></f><f n="_s_color_8h-source.html" o="gazdavidson" g="staff" p="33204"><mod>mode</mod></f><f n="_s_color_8h.html" o="gazdavidson" g="staff" p="33204"><mod>mode</mod></f><f n="_s_exposed_video_data_8h-source.html" o="gazdavidson" g="staff" p="33204"><mod>mode</mod></f><f n="_s_exposed_video_data_8h.html" o="gazdavidson" g="staff" p="33204"><mod>mode</mod></f><f n="_s_irr_creation_parameters_8h-source.html" o="gazdavidson" g="staff" p="33204"><mod>mode</mod></f><f n="_s_irr_creation_parameters_8h.html" o="gazdavidson" g="staff" p="33204"><mod>mode</mod></f><f n="_s_key_map_8h-source.html" o="gazdavidson" g="staff" p="33204"><mod>mode</mod></f><f n="_s_key_map_8h.html" o="gazdavidson" g="staff" p="33204"><mod>mode</mod></f><f n="_s_light_8h-source.html" o="gazdavidson" g="staff" p="33204"><mod>mode</mod></f><f n="_s_light_8h.html" o="gazdavidson" g="staff" p="33204"><mod>mode</mod></f><f n="_s_material_8h-source.html" o="gazdavidson" g="staff" p="33204"><mod>mode</mod></f><f n="_s_material_8h.html" o="gazdavidson" g="staff" p="33204"><mod>mode</mod></f><f n="_s_material_layer_8h-source.html" o="gazdavidson" g="staff" p="33204"><mod>mode</mod></f><f n="_s_material_layer_8h.html" o="gazdavidson" g="staff" p="33204"><mod>mode</mod></f><f n="_s_mesh_8h-source.html" o="gazdavidson" g="staff" p="33204"><mod>mode</mod></f><f n="_s_mesh_8h.html" o="gazdavidson" g="staff" p="33204"><mod>mode</mod></f><f n="_s_mesh_buffer_8h-source.html" o="gazdavidson" g="staff" p="33204"><mod>mode</mod></f><f n="_s_mesh_buffer_8h.html" o="gazdavidson" g="staff" p="33204"><mod>mode</mod></f><f n="_s_mesh_buffer_light_map_8h-source.html" o="gazdavidson" g="staff" p="33204"><mod>mode</mod></f><f n="_s_mesh_buffer_light_map_8h.html" o="gazdavidson" g="staff" p="33204"><mod>mode</mod></f><f n="_s_mesh_buffer_tangents_8h-source.html" o="gazdavidson" g="staff" p="33204"><mod>mode</mod></f><f n="_s_mesh_buffer_tangents_8h.html" o="gazdavidson" g="staff" p="33204"><mod>mode</mod></f><f n="_s_particle_8h-source.html" o="gazdavidson" g="staff" p="33204"><mod>mode</mod></f><f n="_s_particle_8h.html" o="gazdavidson" g="staff" p="33204"><mod>mode</mod></f><f n="_s_shared_mesh_buffer_8h-source.html" o="gazdavidson" g="staff" p="33204"><mod>mode</mod></f><f n="_s_shared_mesh_buffer_8h.html" o="gazdavidson" g="staff" p="33204"><mod>mode</mod></f><f n="_s_skin_mesh_buffer_8h-source.html" o="gazdavidson" g="staff" p="33204"><mod>mode</mod></f><f n="_s_skin_mesh_buffer_8h.html" o="gazdavidson" g="staff" p="33204"><mod>mode</mod></f><f n="_s_vertex_index_8h-source.html" o="gazdavidson" g="staff" p="33204"><mod>mode</mod></f><f n="_s_vertex_index_8h.html" o="gazdavidson" g="staff" p="33204"><mod>mode</mod></f><f n="_s_view_frustum_8h-source.html" o="gazdavidson" g="staff" p="33204"><mod>mode</mod></f><f n="_s_view_frustum_8h.html" o="gazdavidson" g="staff" p="33204"><mod>mode</mod></f><f n="_scene_parameters_8h-source.html" o="gazdavidson" g="staff" p="33204"><mod>mode</mod></f><f n="_scene_parameters_8h.html" o="gazdavidson" g="staff" p="33204"><mod>mode</mod></f><f n="aabbox3d_8h-source.html" o="gazdavidson" g="staff" p="33204"><mod>mode</mod></f><f n="aabbox3d_8h.html" o="gazdavidson" g="staff" p="33204"><mod>mode</mod></f><f n="annotated.html" o="gazdavidson" g="staff" p="33204"><mod>mode</mod></f><f n="classes.html" o="gazdavidson" g="staff" p="33204"><mod>mode</mod></f><f n="classirr_1_1_i_event_receiver-members.html" o="gazdavidson" g="staff" p="33204"><mod>mode</mod></f><f n="classirr_1_1_i_event_receiver.html" o="gazdavidson" g="staff" p="33204"><mod>mode</mod></f><f n="classirr_1_1_i_event_receiver.png" o="gazdavidson" g="staff" p="33204"><mod>mode</mod></f><f n="classirr_1_1_i_logger-members.html" o="gazdavidson" g="staff" p="33204"><mod>mode</mod></f><f n="classirr_1_1_i_logger.html" o="gazdavidson" g="staff" p="33204"><mod>mode</mod></f><f n="classirr_1_1_i_logger.png" o="gazdavidson" g="staff" p="33204"><mod>mode</mod></f><f n="classirr_1_1_i_o_s_operator-members.html" o="gazdavidson" g="staff" p="33204"><mod>mode</mod></f><f n="classirr_1_1_i_o_s_operator.html" o="gazdavidson" g="staff" p="33204"><mod>mode</mod></f><f n="classirr_1_1_i_o_s_operator.png" o="gazdavidson" g="staff" p="33204"><mod>mode</mod></f><f n="classirr_1_1_i_reference_counted-members.html" o="gazdavidson" g="staff" p="33204"><mod>mode</mod></f><f n="classirr_1_1_i_reference_counted.html" o="gazdavidson" g="staff" p="33204"><mod>mode</mod></f><f n="classirr_1_1_i_reference_counted.png" o="gazdavidson" g="staff" p="33204"><mod>mode</mod></f><f n="classirr_1_1_i_timer-members.html" o="gazdavidson" g="staff" p="33204"><mod>mode</mod></f><f n="classirr_1_1_i_timer.html" o="gazdavidson" g="staff" p="33204"><mod>mode</mod></f><f n="classirr_1_1_i_timer.png" o="gazdavidson" g="staff" p="33204"><mod>mode</mod></f><f n="classirr_1_1_irrlicht_device-members.html" o="gazdavidson" g="staff" p="33204"><mod>mode</mod></f><f n="classirr_1_1_irrlicht_device.html" o="gazdavidson" g="staff" p="33204"><mod>mode</mod></f><f n="classirr_1_1_irrlicht_device.png" o="gazdavidson" g="staff" p="33204"><mod>mode</mod></f><f n="classirr_1_1core_1_1_c_matrix4-members.html" o="gazdavidson" g="staff" p="33204"><mod>mode</mod></f><f n="classirr_1_1core_1_1_c_matrix4.html" o="gazdavidson" g="staff" p="33204"><mod>mode</mod></f><f n="classirr_1_1core_1_1aabbox3d-members.html" o="gazdavidson" g="staff" p="33204"><mod>mode</mod></f><f n="classirr_1_1core_1_1aabbox3d.html" o="gazdavidson" g="staff" p="33204"><mod>mode</mod></f><f n="classirr_1_1core_1_1array-members.html" o="gazdavidson" g="staff" p="33204"><mod>mode</mod></f><f n="classirr_1_1core_1_1array.html" o="gazdavidson" g="staff" p="33204"><mod>mode</mod></f><f n="classirr_1_1core_1_1dimension2d-members.html" o="gazdavidson" g="staff" p="33204"><mod>mode</mod></f><f n="classirr_1_1core_1_1dimension2d.html" o="gazdavidson" g="staff" p="33204"><mod>mode</mod></f><f n="classirr_1_1core_1_1irr_allocator-members.html" o="gazdavidson" g="staff" p="33204"><mod>mode</mod></f><f n="classirr_1_1core_1_1irr_allocator.html" o="gazdavidson" g="staff" p="33204"><mod>mode</mod></f><f n="classirr_1_1core_1_1irr_allocator_fast-members.html" o="gazdavidson" g="staff" p="33204"><mod>mode</mod></f><f n="classirr_1_1core_1_1irr_allocator_fast.html" o="gazdavidson" g="staff" p="33204"><mod>mode</mod></f><f n="classirr_1_1core_1_1line2d-members.html" o="gazdavidson" g="staff" p="33204"><mod>mode</mod></f><f n="classirr_1_1core_1_1line2d.html" o="gazdavidson" g="staff" p="33204"><mod>mode</mod></f><f n="classirr_1_1core_1_1line3d-members.html" o="gazdavidson" g="staff" p="33204"><mod>mode</mod></f><f n="classirr_1_1core_1_1line3d.html" o="gazdavidson" g="staff" p="33204"><mod>mode</mod></f><f n="classirr_1_1core_1_1list-members.html" o="gazdavidson" g="staff" p="33204"><mod>mode</mod></f><f n="classirr_1_1core_1_1list.html" o="gazdavidson" g="staff" p="33204"><mod>mode</mod></f><f n="classirr_1_1core_1_1list_1_1_const_iterator-members.html" o="gazdavidson" g="staff" p="33204"><mod>mode</mod></f><f n="classirr_1_1core_1_1list_1_1_const_iterator.html" o="gazdavidson" g="staff" p="33204"><mod>mode</mod></f><f n="classirr_1_1core_1_1list_1_1_iterator-members.html" o="gazdavidson" g="staff" p="33204"><mod>mode</mod></f><f n="classirr_1_1core_1_1list_1_1_iterator.html" o="gazdavidson" g="staff" p="33204"><mod>mode</mod></f><f n="classirr_1_1core_1_1map-members.html" o="gazdavidson" g="staff" p="33204"><mod>mode</mod></f><f n="classirr_1_1core_1_1map.html" o="gazdavidson" g="staff" p="33204"><mod>mode</mod></f><f n="classirr_1_1core_1_1map_1_1_access_class-members.html" o="gazdavidson" g="staff" p="33204"><mod>mode</mod></f><f n="classirr_1_1core_1_1map_1_1_access_class.html" o="gazdavidson" g="staff" p="33204"><mod>mode</mod></f><f n="classirr_1_1core_1_1map_1_1_iterator-members.html" o="gazdavidson" g="staff" p="33204"><mod>mode</mod></f><f n="classirr_1_1core_1_1map_1_1_iterator.html" o="gazdavidson" g="staff" p="33204"><mod>mode</mod></f><f n="classirr_1_1core_1_1map_1_1_parent_first_iterator-members.html" o="gazdavidson" g="staff" p="33204"><mod>mode</mod></f><f n="classirr_1_1core_1_1map_1_1_parent_first_iterator.html" o="gazdavidson" g="staff" p="33204"><mod>mode</mod></f><f n="classirr_1_1core_1_1map_1_1_parent_last_iterator-members.html" o="gazdavidson" g="staff" p="33204"><mod>mode</mod></f><f n="classirr_1_1core_1_1map_1_1_parent_last_iterator.html" o="gazdavidson" g="staff" p="33204"><mod>mode</mod></f><f n="classirr_1_1core_1_1plane3d-members.html" o="gazdavidson" g="staff" p="33204"><mod>mode</mod></f><f n="classirr_1_1core_1_1plane3d.html" o="gazdavidson" g="staff" p="33204"><mod>mode</mod></f><f n="classirr_1_1core_1_1position2d-members.html" o="gazdavidson" g="staff" p="33204"><mod>mode</mod></f><f n="classirr_1_1core_1_1position2d.html" o="gazdavidson" g="staff" p="33204"><mod>mode</mod></f><f n="classirr_1_1core_1_1quaternion-members.html" o="gazdavidson" g="staff" p="33204"><mod>mode</mod></f><f n="classirr_1_1core_1_1quaternion.html" o="gazdavidson" g="staff" p="33204"><mod>mode</mod></f><f n="classirr_1_1core_1_1rect-members.html" o="gazdavidson" g="staff" p="33204"><mod>mode</mod></f><f n="classirr_1_1core_1_1rect.html" o="gazdavidson" g="staff" p="33204"><mod>mode</mod></f><f n="classirr_1_1core_1_1string-members.html" o="gazdavidson" g="staff" p="33204"><mod>mode</mod></f><f n="classirr_1_1core_1_1string.html" o="gazdavidson" g="staff" p="33204"><mod>mode</mod></f><f n="classirr_1_1core_1_1triangle3d-members.html" o="gazdavidson" g="staff" p="33204"><mod>mode</mod></f><f n="classirr_1_1core_1_1triangle3d.html" o="gazdavidson" g="staff" p="33204"><mod>mode</mod></f><f n="classirr_1_1core_1_1vector2d-members.html" o="gazdavidson" g="staff" p="33204"><mod>mode</mod></f><f n="classirr_1_1core_1_1vector2d.html" o="gazdavidson" g="staff" p="33204"><mod>mode</mod></f><f n="classirr_1_1core_1_1vector3d-members.html" o="gazdavidson" g="staff" p="33204"><mod>mode</mod></f><f n="classirr_1_1core_1_1vector3d.html" o="gazdavidson" g="staff" p="33204"><mod>mode</mod></f><f n="classirr_1_1gui_1_1_i_cursor_control-members.html" o="gazdavidson" g="staff" p="33204"><mod>mode</mod></f><f n="classirr_1_1gui_1_1_i_cursor_control.html" o="gazdavidson" g="staff" p="33204"><mod>mode</mod></f><f n="classirr_1_1gui_1_1_i_cursor_control.png" o="gazdavidson" g="staff" p="33204"><mod>mode</mod></f><f n="classirr_1_1gui_1_1_i_g_u_i_button-members.html" o="gazdavidson" g="staff" p="33204"><mod>mode</mod></f><f n="classirr_1_1gui_1_1_i_g_u_i_button.html" o="gazdavidson" g="staff" p="33204"><mod>mode</mod></f><f n="classirr_1_1gui_1_1_i_g_u_i_button.png" o="gazdavidson" g="staff" p="33204"><mod>mode</mod></f><f n="classirr_1_1gui_1_1_i_g_u_i_check_box-members.html" o="gazdavidson" g="staff" p="33204"><mod>mode</mod></f><f n="classirr_1_1gui_1_1_i_g_u_i_check_box.html" o="gazdavidson" g="staff" p="33204"><mod>mode</mod></f><f n="classirr_1_1gui_1_1_i_g_u_i_check_box.png" o="gazdavidson" g="staff" p="33204"><mod>mode</mod></f><f n="classirr_1_1gui_1_1_i_g_u_i_color_select_dialog-members.html" o="gazdavidson" g="staff" p="33204"><mod>mode</mod></f><f n="classirr_1_1gui_1_1_i_g_u_i_color_select_dialog.html" o="gazdavidson" g="staff" p="33204"><mod>mode</mod></f><f n="classirr_1_1gui_1_1_i_g_u_i_color_select_dialog.png" o="gazdavidson" g="staff" p="33204"><mod>mode</mod></f><f n="classirr_1_1gui_1_1_i_g_u_i_combo_box-members.html" o="gazdavidson" g="staff" p="33204"><mod>mode</mod></f><f n="classirr_1_1gui_1_1_i_g_u_i_combo_box.html" o="gazdavidson" g="staff" p="33204"><mod>mode</mod></f><f n="classirr_1_1gui_1_1_i_g_u_i_combo_box.png" o="gazdavidson" g="staff" p="33204"><mod>mode</mod></f><f n="classirr_1_1gui_1_1_i_g_u_i_context_menu-members.html" o="gazdavidson" g="staff" p="33204"><mod>mode</mod></f><f n="classirr_1_1gui_1_1_i_g_u_i_context_menu.html" o="gazdavidson" g="staff" p="33204"><mod>mode</mod></f><f n="classirr_1_1gui_1_1_i_g_u_i_context_menu.png" o="gazdavidson" g="staff" p="33204"><mod>mode</mod></f><f n="classirr_1_1gui_1_1_i_g_u_i_edit_box-members.html" o="gazdavidson" g="staff" p="33204"><mod>mode</mod></f><f n="classirr_1_1gui_1_1_i_g_u_i_edit_box.html" o="gazdavidson" g="staff" p="33204"><mod>mode</mod></f><f n="classirr_1_1gui_1_1_i_g_u_i_edit_box.png" o="gazdavidson" g="staff" p="33204"><mod>mode</mod></f><f n="classirr_1_1gui_1_1_i_g_u_i_element-members.html" o="gazdavidson" g="staff" p="33204"><mod>mode</mod></f><f n="classirr_1_1gui_1_1_i_g_u_i_element.html" o="gazdavidson" g="staff" p="33204"><mod>mode</mod></f><f n="classirr_1_1gui_1_1_i_g_u_i_element.png" o="gazdavidson" g="staff" p="33204"><mod>mode</mod></f><f n="classirr_1_1gui_1_1_i_g_u_i_element_factory-members.html" o="gazdavidson" g="staff" p="33204"><mod>mode</mod></f><f n="classirr_1_1gui_1_1_i_g_u_i_element_factory.html" o="gazdavidson" g="staff" p="33204"><mod>mode</mod></f><f n="classirr_1_1gui_1_1_i_g_u_i_element_factory.png" o="gazdavidson" g="staff" p="33204"><mod>mode</mod></f><f n="classirr_1_1gui_1_1_i_g_u_i_environment-members.html" o="gazdavidson" g="staff" p="33204"><mod>mode</mod></f><f n="classirr_1_1gui_1_1_i_g_u_i_environment.html" o="gazdavidson" g="staff" p="33204"><mod>mode</mod></f><f n="classirr_1_1gui_1_1_i_g_u_i_environment.png" o="gazdavidson" g="staff" p="33204"><mod>mode</mod></f><f n="classirr_1_1gui_1_1_i_g_u_i_file_open_dialog-members.html" o="gazdavidson" g="staff" p="33204"><mod>mode</mod></f><f n="classirr_1_1gui_1_1_i_g_u_i_file_open_dialog.html" o="gazdavidson" g="staff" p="33204"><mod>mode</mod></f><f n="classirr_1_1gui_1_1_i_g_u_i_file_open_dialog.png" o="gazdavidson" g="staff" p="33204"><mod>mode</mod></f><f n="classirr_1_1gui_1_1_i_g_u_i_font-members.html" o="gazdavidson" g="staff" p="33204"><mod>mode</mod></f><f n="classirr_1_1gui_1_1_i_g_u_i_font.html" o="gazdavidson" g="staff" p="33204"><mod>mode</mod></f><f n="classirr_1_1gui_1_1_i_g_u_i_font.png" o="gazdavidson" g="staff" p="33204"><mod>mode</mod></f><f n="classirr_1_1gui_1_1_i_g_u_i_font_bitmap-members.html" o="gazdavidson" g="staff" p="33204"><mod>mode</mod></f><f n="classirr_1_1gui_1_1_i_g_u_i_font_bitmap.html" o="gazdavidson" g="staff" p="33204"><mod>mode</mod></f><f n="classirr_1_1gui_1_1_i_g_u_i_font_bitmap.png" o="gazdavidson" g="staff" p="33204"><mod>mode</mod></f><f n="classirr_1_1gui_1_1_i_g_u_i_image-members.html" o="gazdavidson" g="staff" p="33204"><mod>mode</mod></f><f n="classirr_1_1gui_1_1_i_g_u_i_image.html" o="gazdavidson" g="staff" p="33204"><mod>mode</mod></f><f n="classirr_1_1gui_1_1_i_g_u_i_image.png" o="gazdavidson" g="staff" p="33204"><mod>mode</mod></f><f n="classirr_1_1gui_1_1_i_g_u_i_in_out_fader-members.html" o="gazdavidson" g="staff" p="33204"><mod>mode</mod></f><f n="classirr_1_1gui_1_1_i_g_u_i_in_out_fader.html" o="gazdavidson" g="staff" p="33204"><mod>mode</mod></f><f n="classirr_1_1gui_1_1_i_g_u_i_in_out_fader.png" o="gazdavidson" g="staff" p="33204"><mod>mode</mod></f><f n="classirr_1_1gui_1_1_i_g_u_i_list_box-members.html" o="gazdavidson" g="staff" p="33204"><mod>mode</mod></f><f n="classirr_1_1gui_1_1_i_g_u_i_list_box.html" o="gazdavidson" g="staff" p="33204"><mod>mode</mod></f><f n="classirr_1_1gui_1_1_i_g_u_i_list_box.png" o="gazdavidson" g="staff" p="33204"><mod>mode</mod></f><f n="classirr_1_1gui_1_1_i_g_u_i_mesh_viewer-members.html" o="gazdavidson" g="staff" p="33204"><mod>mode</mod></f><f n="classirr_1_1gui_1_1_i_g_u_i_mesh_viewer.html" o="gazdavidson" g="staff" p="33204"><mod>mode</mod></f><f n="classirr_1_1gui_1_1_i_g_u_i_mesh_viewer.png" o="gazdavidson" g="staff" p="33204"><mod>mode</mod></f><f n="classirr_1_1gui_1_1_i_g_u_i_scroll_bar-members.html" o="gazdavidson" g="staff" p="33204"><mod>mode</mod></f><f n="classirr_1_1gui_1_1_i_g_u_i_scroll_bar.html" o="gazdavidson" g="staff" p="33204"><mod>mode</mod></f><f n="classirr_1_1gui_1_1_i_g_u_i_scroll_bar.png" o="gazdavidson" g="staff" p="33204"><mod>mode</mod></f><f n="classirr_1_1gui_1_1_i_g_u_i_skin-members.html" o="gazdavidson" g="staff" p="33204"><mod>mode</mod></f><f n="classirr_1_1gui_1_1_i_g_u_i_skin.html" o="gazdavidson" g="staff" p="33204"><mod>mode</mod></f><f n="classirr_1_1gui_1_1_i_g_u_i_skin.png" o="gazdavidson" g="staff" p="33204"><mod>mode</mod></f><f n="classirr_1_1gui_1_1_i_g_u_i_spin_box-members.html" o="gazdavidson" g="staff" p="33204"><mod>mode</mod></f><f n="classirr_1_1gui_1_1_i_g_u_i_spin_box.html" o="gazdavidson" g="staff" p="33204"><mod>mode</mod></f><f n="classirr_1_1gui_1_1_i_g_u_i_spin_box.png" o="gazdavidson" g="staff" p="33204"><mod>mode</mod></f><f n="classirr_1_1gui_1_1_i_g_u_i_sprite_bank-members.html" o="gazdavidson" g="staff" p="33204"><mod>mode</mod></f><f n="classirr_1_1gui_1_1_i_g_u_i_sprite_bank.html" o="gazdavidson" g="staff" p="33204"><mod>mode</mod></f><f n="classirr_1_1gui_1_1_i_g_u_i_sprite_bank.png" o="gazdavidson" g="staff" p="33204"><mod>mode</mod></f><f n="classirr_1_1gui_1_1_i_g_u_i_static_text-members.html" o="gazdavidson" g="staff" p="33204"><mod>mode</mod></f><f n="classirr_1_1gui_1_1_i_g_u_i_static_text.html" o="gazdavidson" g="staff" p="33204"><mod>mode</mod></f><f n="classirr_1_1gui_1_1_i_g_u_i_static_text.png" o="gazdavidson" g="staff" p="33204"><mod>mode</mod></f><f n="classirr_1_1gui_1_1_i_g_u_i_tab-members.html" o="gazdavidson" g="staff" p="33204"><mod>mode</mod></f><f n="classirr_1_1gui_1_1_i_g_u_i_tab.html" o="gazdavidson" g="staff" p="33204"><mod>mode</mod></f><f n="classirr_1_1gui_1_1_i_g_u_i_tab.png" o="gazdavidson" g="staff" p="33204"><mod>mode</mod></f><f n="classirr_1_1gui_1_1_i_g_u_i_tab_control-members.html" o="gazdavidson" g="staff" p="33204"><mod>mode</mod></f><f n="classirr_1_1gui_1_1_i_g_u_i_tab_control.html" o="gazdavidson" g="staff" p="33204"><mod>mode</mod></f><f n="classirr_1_1gui_1_1_i_g_u_i_tab_control.png" o="gazdavidson" g="staff" p="33204"><mod>mode</mod></f><f n="classirr_1_1gui_1_1_i_g_u_i_table-members.html" o="gazdavidson" g="staff" p="33204"><mod>mode</mod></f><f n="classirr_1_1gui_1_1_i_g_u_i_table.html" o="gazdavidson" g="staff" p="33204"><mod>mode</mod></f><f n="classirr_1_1gui_1_1_i_g_u_i_table.png" o="gazdavidson" g="staff" p="33204"><mod>mode</mod></f><f n="classirr_1_1gui_1_1_i_g_u_i_tool_bar-members.html" o="gazdavidson" g="staff" p="33204"><mod>mode</mod></f><f n="classirr_1_1gui_1_1_i_g_u_i_tool_bar.html" o="gazdavidson" g="staff" p="33204"><mod>mode</mod></f><f n="classirr_1_1gui_1_1_i_g_u_i_tool_bar.png" o="gazdavidson" g="staff" p="33204"><mod>mode</mod></f><f n="classirr_1_1gui_1_1_i_g_u_i_window-members.html" o="gazdavidson" g="staff" p="33204"><mod>mode</mod></f><f n="classirr_1_1gui_1_1_i_g_u_i_window.html" o="gazdavidson" g="staff" p="33204"><mod>mode</mod></f><f n="classirr_1_1gui_1_1_i_g_u_i_window.png" o="gazdavidson" g="staff" p="33204"><mod>mode</mod></f><f n="classirr_1_1io_1_1_i_attribute_exchanging_object-members.html" o="gazdavidson" g="staff" p="33204"><mod>mode</mod></f><f n="classirr_1_1io_1_1_i_attribute_exchanging_object.html" o="gazdavidson" g="staff" p="33204"><mod>mode</mod></f><f n="classirr_1_1io_1_1_i_attribute_exchanging_object.png" o="gazdavidson" g="staff" p="33204"><mod>mode</mod></f><f n="classirr_1_1io_1_1_i_attributes-members.html" o="gazdavidson" g="staff" p="33204"><mod>mode</mod></f><f n="classirr_1_1io_1_1_i_attributes.html" o="gazdavidson" g="staff" p="33204"><mod>mode</mod></f><f n="classirr_1_1io_1_1_i_attributes.png" o="gazdavidson" g="staff" p="33204"><mod>mode</mod></f><f n="classirr_1_1io_1_1_i_file_list-members.html" o="gazdavidson" g="staff" p="33204"><mod>mode</mod></f><f n="classirr_1_1io_1_1_i_file_list.html" o="gazdavidson" g="staff" p="33204"><mod>mode</mod></f><f n="classirr_1_1io_1_1_i_file_list.png" o="gazdavidson" g="staff" p="33204"><mod>mode</mod></f><f n="classirr_1_1io_1_1_i_file_read_call_back-members.html" o="gazdavidson" g="staff" p="33204"><mod>mode</mod></f><f n="classirr_1_1io_1_1_i_file_read_call_back.html" o="gazdavidson" g="staff" p="33204"><mod>mode</mod></f><f n="classirr_1_1io_1_1_i_file_system-members.html" o="gazdavidson" g="staff" p="33204"><mod>mode</mod></f><f n="classirr_1_1io_1_1_i_file_system.html" o="gazdavidson" g="staff" p="33204"><mod>mode</mod></f><f n="classirr_1_1io_1_1_i_file_system.png" o="gazdavidson" g="staff" p="33204"><mod>mode</mod></f><f n="classirr_1_1io_1_1_i_irr_x_m_l_reader-members.html" o="gazdavidson" g="staff" p="33204"><mod>mode</mod></f><f n="classirr_1_1io_1_1_i_irr_x_m_l_reader.html" o="gazdavidson" g="staff" p="33204"><mod>mode</mod></f><f n="classirr_1_1io_1_1_i_read_file-members.html" o="gazdavidson" g="staff" p="33204"><mod>mode</mod></f><f n="classirr_1_1io_1_1_i_read_file.html" o="gazdavidson" g="staff" p="33204"><mod>mode</mod></f><f n="classirr_1_1io_1_1_i_read_file.png" o="gazdavidson" g="staff" p="33204"><mod>mode</mod></f><f n="classirr_1_1io_1_1_i_write_file-members.html" o="gazdavidson" g="staff" p="33204"><mod>mode</mod></f><f n="classirr_1_1io_1_1_i_write_file.html" o="gazdavidson" g="staff" p="33204"><mod>mode</mod></f><f n="classirr_1_1io_1_1_i_write_file.png" o="gazdavidson" g="staff" p="33204"><mod>mode</mod></f><f n="classirr_1_1io_1_1_i_x_m_l_base.html" o="gazdavidson" g="staff" p="33204"><mod>mode</mod></f><f n="classirr_1_1io_1_1_i_x_m_l_writer-members.html" o="gazdavidson" g="staff" p="33204"><mod>mode</mod></f><f n="classirr_1_1io_1_1_i_x_m_l_writer.html" o="gazdavidson" g="staff" p="33204"><mod>mode</mod></f><f n="classirr_1_1io_1_1_i_x_m_l_writer.png" o="gazdavidson" g="staff" p="33204"><mod>mode</mod></f><f n="classirr_1_1scene_1_1_c_dynamic_mesh_buffer-members.html" o="gazdavidson" g="staff" p="33204"><mod>mode</mod></f><f n="classirr_1_1scene_1_1_c_dynamic_mesh_buffer.html" o="gazdavidson" g="staff" p="33204"><mod>mode</mod></f><f n="classirr_1_1scene_1_1_c_dynamic_mesh_buffer.png" o="gazdavidson" g="staff" p="33204"><mod>mode</mod></f><f n="classirr_1_1scene_1_1_c_index_buffer-members.html" o="gazdavidson" g="staff" p="33204"><mod>mode</mod></f><f n="classirr_1_1scene_1_1_c_index_buffer.html" o="gazdavidson" g="staff" p="33204"><mod>mode</mod></f><f n="classirr_1_1scene_1_1_c_index_buffer.png" o="gazdavidson" g="staff" p="33204"><mod>mode</mod></f><f n="classirr_1_1scene_1_1_c_mesh_buffer-members.html" o="gazdavidson" g="staff" p="33204"><mod>mode</mod></f><f n="classirr_1_1scene_1_1_c_mesh_buffer.html" o="gazdavidson" g="staff" p="33204"><mod>mode</mod></f><f n="classirr_1_1scene_1_1_c_mesh_buffer.png" o="gazdavidson" g="staff" p="33204"><mod>mode</mod></f><f n="classirr_1_1scene_1_1_c_vertex_buffer-members.html" o="gazdavidson" g="staff" p="33204"><mod>mode</mod></f><f n="classirr_1_1scene_1_1_c_vertex_buffer.html" o="gazdavidson" g="staff" p="33204"><mod>mode</mod></f><f n="classirr_1_1scene_1_1_c_vertex_buffer.png" o="gazdavidson" g="staff" p="33204"><mod>mode</mod></f><f n="classirr_1_1scene_1_1_i_animated_mesh-members.html" o="gazdavidson" g="staff" p="33204"><mod>mode</mod></f><f n="classirr_1_1scene_1_1_i_animated_mesh.html" o="gazdavidson" g="staff" p="33204"><mod>mode</mod></f><f n="classirr_1_1scene_1_1_i_animated_mesh.png" o="gazdavidson" g="staff" p="33204"><mod>mode</mod></f><f n="classirr_1_1scene_1_1_i_animated_mesh_m_d2-members.html" o="gazdavidson" g="staff" p="33204"><mod>mode</mod></f><f n="classirr_1_1scene_1_1_i_animated_mesh_m_d2.html" o="gazdavidson" g="staff" p="33204"><mod>mode</mod></f><f n="classirr_1_1scene_1_1_i_animated_mesh_m_d2.png" o="gazdavidson" g="staff" p="33204"><mod>mode</mod></f><f n="classirr_1_1scene_1_1_i_animated_mesh_m_d3-members.html" o="gazdavidson" g="staff" p="33204"><mod>mode</mod></f><f n="classirr_1_1scene_1_1_i_animated_mesh_m_d3.html" o="gazdavidson" g="staff" p="33204"><mod>mode</mod></f><f n="classirr_1_1scene_1_1_i_animated_mesh_m_d3.png" o="gazdavidson" g="staff" p="33204"><mod>mode</mod></f><f n="classirr_1_1scene_1_1_i_animated_mesh_scene_node-members.html" o="gazdavidson" g="staff" p="33204"><mod>mode</mod></f><f n="classirr_1_1scene_1_1_i_animated_mesh_scene_node.html" o="gazdavidson" g="staff" p="33204"><mod>mode</mod></f><f n="classirr_1_1scene_1_1_i_animated_mesh_scene_node.png" o="gazdavidson" g="staff" p="33204"><mod>mode</mod></f><f n="classirr_1_1scene_1_1_i_animation_end_call_back-members.html" o="gazdavidson" g="staff" p="33204"><mod>mode</mod></f><f n="classirr_1_1scene_1_1_i_animation_end_call_back.html" o="gazdavidson" g="staff" p="33204"><mod>mode</mod></f><f n="classirr_1_1scene_1_1_i_animation_end_call_back.png" o="gazdavidson" g="staff" p="33204"><mod>mode</mod></f><f n="classirr_1_1scene_1_1_i_billboard_scene_node-members.html" o="gazdavidson" g="staff" p="33204"><mod>mode</mod></f><f n="classirr_1_1scene_1_1_i_billboard_scene_node.html" o="gazdavidson" g="staff" p="33204"><mod>mode</mod></f><f n="classirr_1_1scene_1_1_i_billboard_scene_node.png" o="gazdavidson" g="staff" p="33204"><mod>mode</mod></f><f n="classirr_1_1scene_1_1_i_billboard_text_scene_node-members.html" o="gazdavidson" g="staff" p="33204"><mod>mode</mod></f><f n="classirr_1_1scene_1_1_i_billboard_text_scene_node.html" o="gazdavidson" g="staff" p="33204"><mod>mode</mod></f><f n="classirr_1_1scene_1_1_i_billboard_text_scene_node.png" o="gazdavidson" g="staff" p="33204"><mod>mode</mod></f><f n="classirr_1_1scene_1_1_i_bone_scene_node-members.html" o="gazdavidson" g="staff" p="33204"><mod>mode</mod></f><f n="classirr_1_1scene_1_1_i_bone_scene_node.html" o="gazdavidson" g="staff" p="33204"><mod>mode</mod></f><f n="classirr_1_1scene_1_1_i_bone_scene_node.png" o="gazdavidson" g="staff" p="33204"><mod>mode</mod></f><f n="classirr_1_1scene_1_1_i_camera_scene_node-members.html" o="gazdavidson" g="staff" p="33204"><mod>mode</mod></f><f n="classirr_1_1scene_1_1_i_camera_scene_node.html" o="gazdavidson" g="staff" p="33204"><mod>mode</mod></f><f n="classirr_1_1scene_1_1_i_camera_scene_node.png" o="gazdavidson" g="staff" p="33204"><mod>mode</mod></f><f n="classirr_1_1scene_1_1_i_dummy_transformation_scene_node-members.html" o="gazdavidson" g="staff" p="33204"><mod>mode</mod></f><f n="classirr_1_1scene_1_1_i_dummy_transformation_scene_node.html" o="gazdavidson" g="staff" p="33204"><mod>mode</mod></f><f n="classirr_1_1scene_1_1_i_dummy_transformation_scene_node.png" o="gazdavidson" g="staff" p="33204"><mod>mode</mod></f><f n="classirr_1_1scene_1_1_i_dynamic_mesh_buffer-members.html" o="gazdavidson" g="staff" p="33204"><mod>mode</mod></f><f n="classirr_1_1scene_1_1_i_dynamic_mesh_buffer.html" o="gazdavidson" g="staff" p="33204"><mod>mode</mod></f><f n="classirr_1_1scene_1_1_i_dynamic_mesh_buffer.png" o="gazdavidson" g="staff" p="33204"><mod>mode</mod></f><f n="classirr_1_1scene_1_1_i_index_buffer-members.html" o="gazdavidson" g="staff" p="33204"><mod>mode</mod></f><f n="classirr_1_1scene_1_1_i_index_buffer.html" o="gazdavidson" g="staff" p="33204"><mod>mode</mod></f><f n="classirr_1_1scene_1_1_i_index_buffer.png" o="gazdavidson" g="staff" p="33204"><mod>mode</mod></f><f n="classirr_1_1scene_1_1_i_light_scene_node-members.html" o="gazdavidson" g="staff" p="33204"><mod>mode</mod></f><f n="classirr_1_1scene_1_1_i_light_scene_node.html" o="gazdavidson" g="staff" p="33204"><mod>mode</mod></f><f n="classirr_1_1scene_1_1_i_light_scene_node.png" o="gazdavidson" g="staff" p="33204"><mod>mode</mod></f><f n="classirr_1_1scene_1_1_i_mesh-members.html" o="gazdavidson" g="staff" p="33204"><mod>mode</mod></f><f n="classirr_1_1scene_1_1_i_mesh.html" o="gazdavidson" g="staff" p="33204"><mod>mode</mod></f><f n="classirr_1_1scene_1_1_i_mesh.png" o="gazdavidson" g="staff" p="33204"><mod>mode</mod></f><f n="classirr_1_1scene_1_1_i_mesh_buffer-members.html" o="gazdavidson" g="staff" p="33204"><mod>mode</mod></f><f n="classirr_1_1scene_1_1_i_mesh_buffer.html" o="gazdavidson" g="staff" p="33204"><mod>mode</mod></f><f n="classirr_1_1scene_1_1_i_mesh_buffer.png" o="gazdavidson" g="staff" p="33204"><mod>mode</mod></f><f n="classirr_1_1scene_1_1_i_mesh_cache-members.html" o="gazdavidson" g="staff" p="33204"><mod>mode</mod></f><f n="classirr_1_1scene_1_1_i_mesh_cache.html" o="gazdavidson" g="staff" p="33204"><mod>mode</mod></f><f n="classirr_1_1scene_1_1_i_mesh_cache.png" o="gazdavidson" g="staff" p="33204"><mod>mode</mod></f><f n="classirr_1_1scene_1_1_i_mesh_loader-members.html" o="gazdavidson" g="staff" p="33204"><mod>mode</mod></f><f n="classirr_1_1scene_1_1_i_mesh_loader.html" o="gazdavidson" g="staff" p="33204"><mod>mode</mod></f><f n="classirr_1_1scene_1_1_i_mesh_loader.png" o="gazdavidson" g="staff" p="33204"><mod>mode</mod></f><f n="classirr_1_1scene_1_1_i_mesh_manipulator-members.html" o="gazdavidson" g="staff" p="33204"><mod>mode</mod></f><f n="classirr_1_1scene_1_1_i_mesh_manipulator.html" o="gazdavidson" g="staff" p="33204"><mod>mode</mod></f><f n="classirr_1_1scene_1_1_i_mesh_manipulator.png" o="gazdavidson" g="staff" p="33204"><mod>mode</mod></f><f n="classirr_1_1scene_1_1_i_mesh_scene_node-members.html" o="gazdavidson" g="staff" p="33204"><mod>mode</mod></f><f n="classirr_1_1scene_1_1_i_mesh_scene_node.html" o="gazdavidson" g="staff" p="33204"><mod>mode</mod></f><f n="classirr_1_1scene_1_1_i_mesh_scene_node.png" o="gazdavidson" g="staff" p="33204"><mod>mode</mod></f><f n="classirr_1_1scene_1_1_i_mesh_writer-members.html" o="gazdavidson" g="staff" p="33204"><mod>mode</mod></f><f n="classirr_1_1scene_1_1_i_mesh_writer.html" o="gazdavidson" g="staff" p="33204"><mod>mode</mod></f><f n="classirr_1_1scene_1_1_i_mesh_writer.png" o="gazdavidson" g="staff" p="33204"><mod>mode</mod></f><f n="classirr_1_1scene_1_1_i_meta_triangle_selector-members.html" o="gazdavidson" g="staff" p="33204"><mod>mode</mod></f><f n="classirr_1_1scene_1_1_i_meta_triangle_selector.html" o="gazdavidson" g="staff" p="33204"><mod>mode</mod></f><f n="classirr_1_1scene_1_1_i_meta_triangle_selector.png" o="gazdavidson" g="staff" p="33204"><mod>mode</mod></f><f n="classirr_1_1scene_1_1_i_particle_affector-members.html" o="gazdavidson" g="staff" p="33204"><mod>mode</mod></f><f n="classirr_1_1scene_1_1_i_particle_affector.html" o="gazdavidson" g="staff" p="33204"><mod>mode</mod></f><f n="classirr_1_1scene_1_1_i_particle_affector.png" o="gazdavidson" g="staff" p="33204"><mod>mode</mod></f><f n="classirr_1_1scene_1_1_i_particle_animated_mesh_scene_node_emitter-members.html" o="gazdavidson" g="staff" p="33204"><mod>mode</mod></f><f n="classirr_1_1scene_1_1_i_particle_animated_mesh_scene_node_emitter.html" o="gazdavidson" g="staff" p="33204"><mod>mode</mod></f><f n="classirr_1_1scene_1_1_i_particle_animated_mesh_scene_node_emitter.png" o="gazdavidson" g="staff" p="33204"><mod>mode</mod></f><f n="classirr_1_1scene_1_1_i_particle_attraction_affector-members.html" o="gazdavidson" g="staff" p="33204"><mod>mode</mod></f><f n="classirr_1_1scene_1_1_i_particle_attraction_affector.html" o="gazdavidson" g="staff" p="33204"><mod>mode</mod></f><f n="classirr_1_1scene_1_1_i_particle_attraction_affector.png" o="gazdavidson" g="staff" p="33204"><mod>mode</mod></f><f n="classirr_1_1scene_1_1_i_particle_box_emitter-members.html" o="gazdavidson" g="staff" p="33204"><mod>mode</mod></f><f n="classirr_1_1scene_1_1_i_particle_box_emitter.html" o="gazdavidson" g="staff" p="33204"><mod>mode</mod></f><f n="classirr_1_1scene_1_1_i_particle_box_emitter.png" o="gazdavidson" g="staff" p="33204"><mod>mode</mod></f><f n="classirr_1_1scene_1_1_i_particle_cylinder_emitter-members.html" o="gazdavidson" g="staff" p="33204"><mod>mode</mod></f><f n="classirr_1_1scene_1_1_i_particle_cylinder_emitter.html" o="gazdavidson" g="staff" p="33204"><mod>mode</mod></f><f n="classirr_1_1scene_1_1_i_particle_cylinder_emitter.png" o="gazdavidson" g="staff" p="33204"><mod>mode</mod></f><f n="classirr_1_1scene_1_1_i_particle_emitter-members.html" o="gazdavidson" g="staff" p="33204"><mod>mode</mod></f><f n="classirr_1_1scene_1_1_i_particle_emitter.html" o="gazdavidson" g="staff" p="33204"><mod>mode</mod></f><f n="classirr_1_1scene_1_1_i_particle_emitter.png" o="gazdavidson" g="staff" p="33204"><mod>mode</mod></f><f n="classirr_1_1scene_1_1_i_particle_fade_out_affector-members.html" o="gazdavidson" g="staff" p="33204"><mod>mode</mod></f><f n="classirr_1_1scene_1_1_i_particle_fade_out_affector.html" o="gazdavidson" g="staff" p="33204"><mod>mode</mod></f><f n="classirr_1_1scene_1_1_i_particle_fade_out_affector.png" o="gazdavidson" g="staff" p="33204"><mod>mode</mod></f><f n="classirr_1_1scene_1_1_i_particle_gravity_affector-members.html" o="gazdavidson" g="staff" p="33204"><mod>mode</mod></f><f n="classirr_1_1scene_1_1_i_particle_gravity_affector.html" o="gazdavidson" g="staff" p="33204"><mod>mode</mod></f><f n="classirr_1_1scene_1_1_i_particle_gravity_affector.png" o="gazdavidson" g="staff" p="33204"><mod>mode</mod></f><f n="classirr_1_1scene_1_1_i_particle_mesh_emitter-members.html" o="gazdavidson" g="staff" p="33204"><mod>mode</mod></f><f n="classirr_1_1scene_1_1_i_particle_mesh_emitter.html" o="gazdavidson" g="staff" p="33204"><mod>mode</mod></f><f n="classirr_1_1scene_1_1_i_particle_mesh_emitter.png" o="gazdavidson" g="staff" p="33204"><mod>mode</mod></f><f n="classirr_1_1scene_1_1_i_particle_ring_emitter-members.html" o="gazdavidson" g="staff" p="33204"><mod>mode</mod></f><f n="classirr_1_1scene_1_1_i_particle_ring_emitter.html" o="gazdavidson" g="staff" p="33204"><mod>mode</mod></f><f n="classirr_1_1scene_1_1_i_particle_ring_emitter.png" o="gazdavidson" g="staff" p="33204"><mod>mode</mod></f><f n="classirr_1_1scene_1_1_i_particle_rotation_affector-members.html" o="gazdavidson" g="staff" p="33204"><mod>mode</mod></f><f n="classirr_1_1scene_1_1_i_particle_rotation_affector.html" o="gazdavidson" g="staff" p="33204"><mod>mode</mod></f><f n="classirr_1_1scene_1_1_i_particle_rotation_affector.png" o="gazdavidson" g="staff" p="33204"><mod>mode</mod></f><f n="classirr_1_1scene_1_1_i_particle_sphere_emitter-members.html" o="gazdavidson" g="staff" p="33204"><mod>mode</mod></f><f n="classirr_1_1scene_1_1_i_particle_sphere_emitter.html" o="gazdavidson" g="staff" p="33204"><mod>mode</mod></f><f n="classirr_1_1scene_1_1_i_particle_sphere_emitter.png" o="gazdavidson" g="staff" p="33204"><mod>mode</mod></f><f n="classirr_1_1scene_1_1_i_particle_system_scene_node-members.html" o="gazdavidson" g="staff" p="33204"><mod>mode</mod></f><f n="classirr_1_1scene_1_1_i_particle_system_scene_node.html" o="gazdavidson" g="staff" p="33204"><mod>mode</mod></f><f n="classirr_1_1scene_1_1_i_particle_system_scene_node.png" o="gazdavidson" g="staff" p="33204"><mod>mode</mod></f><f n="classirr_1_1scene_1_1_i_q3_level_mesh-members.html" o="gazdavidson" g="staff" p="33204"><mod>mode</mod></f><f n="classirr_1_1scene_1_1_i_q3_level_mesh.html" o="gazdavidson" g="staff" p="33204"><mod>mode</mod></f><f n="classirr_1_1scene_1_1_i_q3_level_mesh.png" o="gazdavidson" g="staff" p="33204"><mod>mode</mod></f><f n="classirr_1_1scene_1_1_i_scene_collision_manager-members.html" o="gazdavidson" g="staff" p="33204"><mod>mode</mod></f><f n="classirr_1_1scene_1_1_i_scene_collision_manager.html" o="gazdavidson" g="staff" p="33204"><mod>mode</mod></f><f n="classirr_1_1scene_1_1_i_scene_collision_manager.png" o="gazdavidson" g="staff" p="33204"><mod>mode</mod></f><f n="classirr_1_1scene_1_1_i_scene_manager-members.html" o="gazdavidson" g="staff" p="33204"><mod>mode</mod></f><f n="classirr_1_1scene_1_1_i_scene_manager.html" o="gazdavidson" g="staff" p="33204"><mod>mode</mod></f><f n="classirr_1_1scene_1_1_i_scene_manager.png" o="gazdavidson" g="staff" p="33204"><mod>mode</mod></f><f n="classirr_1_1scene_1_1_i_scene_node-members.html" o="gazdavidson" g="staff" p="33204"><mod>mode</mod></f><f n="classirr_1_1scene_1_1_i_scene_node.html" o="gazdavidson" g="staff" p="33204"><mod>mode</mod></f><f n="classirr_1_1scene_1_1_i_scene_node.png" o="gazdavidson" g="staff" p="33204"><mod>mode</mod></f><f n="classirr_1_1scene_1_1_i_scene_node_animator-members.html" o="gazdavidson" g="staff" p="33204"><mod>mode</mod></f><f n="classirr_1_1scene_1_1_i_scene_node_animator.html" o="gazdavidson" g="staff" p="33204"><mod>mode</mod></f><f n="classirr_1_1scene_1_1_i_scene_node_animator.png" o="gazdavidson" g="staff" p="33204"><mod>mode</mod></f><f n="classirr_1_1scene_1_1_i_scene_node_animator_camera_f_p_s-members.html" o="gazdavidson" g="staff" p="33204"><mod>mode</mod></f><f n="classirr_1_1scene_1_1_i_scene_node_animator_camera_f_p_s.html" o="gazdavidson" g="staff" p="33204"><mod>mode</mod></f><f n="classirr_1_1scene_1_1_i_scene_node_animator_camera_f_p_s.png" o="gazdavidson" g="staff" p="33204"><mod>mode</mod></f><f n="classirr_1_1scene_1_1_i_scene_node_animator_camera_maya-members.html" o="gazdavidson" g="staff" p="33204"><mod>mode</mod></f><f n="classirr_1_1scene_1_1_i_scene_node_animator_camera_maya.html" o="gazdavidson" g="staff" p="33204"><mod>mode</mod></f><f n="classirr_1_1scene_1_1_i_scene_node_animator_camera_maya.png" o="gazdavidson" g="staff" p="33204"><mod>mode</mod></f><f n="classirr_1_1scene_1_1_i_scene_node_animator_collision_response-members.html" o="gazdavidson" g="staff" p="33204"><mod>mode</mod></f><f n="classirr_1_1scene_1_1_i_scene_node_animator_collision_response.html" o="gazdavidson" g="staff" p="33204"><mod>mode</mod></f><f n="classirr_1_1scene_1_1_i_scene_node_animator_collision_response.png" o="gazdavidson" g="staff" p="33204"><mod>mode</mod></f><f n="classirr_1_1scene_1_1_i_scene_node_animator_factory-members.html" o="gazdavidson" g="staff" p="33204"><mod>mode</mod></f><f n="classirr_1_1scene_1_1_i_scene_node_animator_factory.html" o="gazdavidson" g="staff" p="33204"><mod>mode</mod></f><f n="classirr_1_1scene_1_1_i_scene_node_animator_factory.png" o="gazdavidson" g="staff" p="33204"><mod>mode</mod></f><f n="classirr_1_1scene_1_1_i_scene_node_factory-members.html" o="gazdavidson" g="staff" p="33204"><mod>mode</mod></f><f n="classirr_1_1scene_1_1_i_scene_node_factory.html" o="gazdavidson" g="staff" p="33204"><mod>mode</mod></f><f n="classirr_1_1scene_1_1_i_scene_node_factory.png" o="gazdavidson" g="staff" p="33204"><mod>mode</mod></f><f n="classirr_1_1scene_1_1_i_scene_user_data_serializer-members.html" o="gazdavidson" g="staff" p="33204"><mod>mode</mod></f><f n="classirr_1_1scene_1_1_i_scene_user_data_serializer.html" o="gazdavidson" g="staff" p="33204"><mod>mode</mod></f><f n="classirr_1_1scene_1_1_i_shadow_volume_scene_node-members.html" o="gazdavidson" g="staff" p="33204"><mod>mode</mod></f><f n="classirr_1_1scene_1_1_i_shadow_volume_scene_node.html" o="gazdavidson" g="staff" p="33204"><mod>mode</mod></f><f n="classirr_1_1scene_1_1_i_shadow_volume_scene_node.png" o="gazdavidson" g="staff" p="33204"><mod>mode</mod></f><f n="classirr_1_1scene_1_1_i_skinned_mesh-members.html" o="gazdavidson" g="staff" p="33204"><mod>mode</mod></f><f n="classirr_1_1scene_1_1_i_skinned_mesh.html" o="gazdavidson" g="staff" p="33204"><mod>mode</mod></f><f n="classirr_1_1scene_1_1_i_skinned_mesh.png" o="gazdavidson" g="staff" p="33204"><mod>mode</mod></f><f n="classirr_1_1scene_1_1_i_terrain_scene_node-members.html" o="gazdavidson" g="staff" p="33204"><mod>mode</mod></f><f n="classirr_1_1scene_1_1_i_terrain_scene_node.html" o="gazdavidson" g="staff" p="33204"><mod>mode</mod></f><f n="classirr_1_1scene_1_1_i_terrain_scene_node.png" o="gazdavidson" g="staff" p="33204"><mod>mode</mod></f><f n="classirr_1_1scene_1_1_i_text_scene_node-members.html" o="gazdavidson" g="staff" p="33204"><mod>mode</mod></f><f n="classirr_1_1scene_1_1_i_text_scene_node.html" o="gazdavidson" g="staff" p="33204"><mod>mode</mod></f><f n="classirr_1_1scene_1_1_i_text_scene_node.png" o="gazdavidson" g="staff" p="33204"><mod>mode</mod></f><f n="classirr_1_1scene_1_1_i_triangle_selector-members.html" o="gazdavidson" g="staff" p="33204"><mod>mode</mod></f><f n="classirr_1_1scene_1_1_i_triangle_selector.html" o="gazdavidson" g="staff" p="33204"><mod>mode</mod></f><f n="classirr_1_1scene_1_1_i_triangle_selector.png" o="gazdavidson" g="staff" p="33204"><mod>mode</mod></f><f n="classirr_1_1scene_1_1_i_vertex_buffer-members.html" o="gazdavidson" g="staff" p="33204"><mod>mode</mod></f><f n="classirr_1_1scene_1_1_i_vertex_buffer.html" o="gazdavidson" g="staff" p="33204"><mod>mode</mod></f><f n="classirr_1_1scene_1_1_i_vertex_buffer.png" o="gazdavidson" g="staff" p="33204"><mod>mode</mod></f><f n="classirr_1_1scene_1_1_i_volume_light_scene_node-members.html" o="gazdavidson" g="staff" p="33204"><mod>mode</mod></f><f n="classirr_1_1scene_1_1_i_volume_light_scene_node.html" o="gazdavidson" g="staff" p="33204"><mod>mode</mod></f><f n="classirr_1_1scene_1_1_i_volume_light_scene_node.png" o="gazdavidson" g="staff" p="33204"><mod>mode</mod></f><f n="classirr_1_1scene_1_1quake3_1_1_i_shader_manager-members.html" o="gazdavidson" g="staff" p="33204"><mod>mode</mod></f><f n="classirr_1_1scene_1_1quake3_1_1_i_shader_manager.html" o="gazdavidson" g="staff" p="33204"><mod>mode</mod></f><f n="classirr_1_1scene_1_1quake3_1_1_i_shader_manager.png" o="gazdavidson" g="staff" p="33204"><mod>mode</mod></f><f n="classirr_1_1scene_1_1quake3_1_1_s_shader-members.html" o="gazdavidson" g="staff" p="33204"><mod>mode</mod></f><f n="classirr_1_1scene_1_1quake3_1_1_s_shader.html" o="gazdavidson" g="staff" p="33204"><mod>mode</mod></f><f n="classirr_1_1video_1_1_i_g_p_u_programming_services-members.html" o="gazdavidson" g="staff" p="33204"><mod>mode</mod></f><f n="classirr_1_1video_1_1_i_g_p_u_programming_services.html" o="gazdavidson" g="staff" p="33204"><mod>mode</mod></f><f n="classirr_1_1video_1_1_i_image-members.html" o="gazdavidson" g="staff" p="33204"><mod>mode</mod></f><f n="classirr_1_1video_1_1_i_image.html" o="gazdavidson" g="staff" p="33204"><mod>mode</mod></f><f n="classirr_1_1video_1_1_i_image.png" o="gazdavidson" g="staff" p="33204"><mod>mode</mod></f><f n="classirr_1_1video_1_1_i_image_loader-members.html" o="gazdavidson" g="staff" p="33204"><mod>mode</mod></f><f n="classirr_1_1video_1_1_i_image_loader.html" o="gazdavidson" g="staff" p="33204"><mod>mode</mod></f><f n="classirr_1_1video_1_1_i_image_loader.png" o="gazdavidson" g="staff" p="33204"><mod>mode</mod></f><f n="classirr_1_1video_1_1_i_image_writer-members.html" o="gazdavidson" g="staff" p="33204"><mod>mode</mod></f><f n="classirr_1_1video_1_1_i_image_writer.html" o="gazdavidson" g="staff" p="33204"><mod>mode</mod></f><f n="classirr_1_1video_1_1_i_image_writer.png" o="gazdavidson" g="staff" p="33204"><mod>mode</mod></f><f n="classirr_1_1video_1_1_i_material_renderer-members.html" o="gazdavidson" g="staff" p="33204"><mod>mode</mod></f><f n="classirr_1_1video_1_1_i_material_renderer.html" o="gazdavidson" g="staff" p="33204"><mod>mode</mod></f><f n="classirr_1_1video_1_1_i_material_renderer.png" o="gazdavidson" g="staff" p="33204"><mod>mode</mod></f><f n="classirr_1_1video_1_1_i_material_renderer_services-members.html" o="gazdavidson" g="staff" p="33204"><mod>mode</mod></f><f n="classirr_1_1video_1_1_i_material_renderer_services.html" o="gazdavidson" g="staff" p="33204"><mod>mode</mod></f><f n="classirr_1_1video_1_1_i_shader_constant_set_call_back-members.html" o="gazdavidson" g="staff" p="33204"><mod>mode</mod></f><f n="classirr_1_1video_1_1_i_shader_constant_set_call_back.html" o="gazdavidson" g="staff" p="33204"><mod>mode</mod></f><f n="classirr_1_1video_1_1_i_shader_constant_set_call_back.png" o="gazdavidson" g="staff" p="33204"><mod>mode</mod></f><f n="classirr_1_1video_1_1_i_texture-members.html" o="gazdavidson" g="staff" p="33204"><mod>mode</mod></f><f n="classirr_1_1video_1_1_i_texture.html" o="gazdavidson" g="staff" p="33204"><mod>mode</mod></f><f n="classirr_1_1video_1_1_i_texture.png" o="gazdavidson" g="staff" p="33204"><mod>mode</mod></f><f n="classirr_1_1video_1_1_i_video_driver-members.html" o="gazdavidson" g="staff" p="33204"><mod>mode</mod></f><f n="classirr_1_1video_1_1_i_video_driver.html" o="gazdavidson" g="staff" p="33204"><mod>mode</mod></f><f n="classirr_1_1video_1_1_i_video_driver.png" o="gazdavidson" g="staff" p="33204"><mod>mode</mod></f><f n="classirr_1_1video_1_1_i_video_mode_list-members.html" o="gazdavidson" g="staff" p="33204"><mod>mode</mod></f><f n="classirr_1_1video_1_1_i_video_mode_list.html" o="gazdavidson" g="staff" p="33204"><mod>mode</mod></f><f n="classirr_1_1video_1_1_i_video_mode_list.png" o="gazdavidson" g="staff" p="33204"><mod>mode</mod></f><f n="classirr_1_1video_1_1_s_color-members.html" o="gazdavidson" g="staff" p="33204"><mod>mode</mod></f><f n="classirr_1_1video_1_1_s_color.html" o="gazdavidson" g="staff" p="33204"><mod>mode</mod></f><f n="classirr_1_1video_1_1_s_color_h_s_l-members.html" o="gazdavidson" g="staff" p="33204"><mod>mode</mod></f><f n="classirr_1_1video_1_1_s_color_h_s_l.html" o="gazdavidson" g="staff" p="33204"><mod>mode</mod></f><f n="classirr_1_1video_1_1_s_colorf-members.html" o="gazdavidson" g="staff" p="33204"><mod>mode</mod></f><f n="classirr_1_1video_1_1_s_colorf.html" o="gazdavidson" g="staff" p="33204"><mod>mode</mod></f><f n="classirr_1_1video_1_1_s_material-members.html" o="gazdavidson" g="staff" p="33204"><mod>mode</mod></f><f n="classirr_1_1video_1_1_s_material.html" o="gazdavidson" g="staff" p="33204"><mod>mode</mod></f><f n="classirr_1_1video_1_1_s_material_layer-members.html" o="gazdavidson" g="staff" p="33204"><mod>mode</mod></f><f n="classirr_1_1video_1_1_s_material_layer.html" o="gazdavidson" g="staff" p="33204"><mod>mode</mod></f><f n="coreutil_8h-source.html" o="gazdavidson" g="staff" p="33204"><mod>mode</mod></f><f n="coreutil_8h.html" o="gazdavidson" g="staff" p="33204"><mod>mode</mod></f><f n="deprecated.html" o="gazdavidson" g="staff" p="33204"><mod>mode</mod></f><f n="dimension2d_8h-source.html" o="gazdavidson" g="staff" p="33204"><mod>mode</mod></f><f n="dimension2d_8h.html" o="gazdavidson" g="staff" p="33204"><mod>mode</mod></f><f n="doxygen.css" o="gazdavidson" g="staff" p="33204"><mod>mode</mod></f><f n="doxygen.png" o="gazdavidson" g="staff" p="33204"><mod>mode</mod></f><f n="example001.html" o="gazdavidson" g="staff" p="33204" x="true"><mod>mode</mod></f><f n="example002.html" o="gazdavidson" g="staff" p="33204" x="true"><mod>mode</mod></f><f n="example003.html" o="gazdavidson" g="staff" p="33204" x="true"><mod>mode</mod></f><f n="example004.html" o="gazdavidson" g="staff" p="33204" x="true"><mod>mode</mod></f><f n="example005.html" o="gazdavidson" g="staff" p="33204" x="true"><mod>mode</mod></f><f n="example006.html" o="gazdavidson" g="staff" p="33204" x="true"><mod>mode</mod></f><f n="example007.html" o="gazdavidson" g="staff" p="33204" x="true"><mod>mode</mod></f><f n="example008.html" o="gazdavidson" g="staff" p="33204" x="true"><mod>mode</mod></f><f n="example009.html" o="gazdavidson" g="staff" p="33204" x="true"><mod>mode</mod></f><f n="example010.html" o="gazdavidson" g="staff" p="33204" x="true"><mod>mode</mod></f><f n="example011.html" o="gazdavidson" g="staff" p="33204" x="true"><mod>mode</mod></f><f n="example012.html" o="gazdavidson" g="staff" p="33204" x="true"><mod>mode</mod></f><f n="example013.html" o="gazdavidson" g="staff" p="33204" x="true"><mod>mode</mod></f><f n="example014.html" o="gazdavidson" g="staff" p="33204" x="true"><mod>mode</mod></f><f n="example015.html" o="gazdavidson" g="staff" p="33204" x="true"><mod>mode</mod></f><f n="example016.html" o="gazdavidson" g="staff" p="33204" x="true"><mod>mode</mod></f><f n="example017.html" o="gazdavidson" g="staff" p="33204" x="true"><mod>mode</mod></f><f n="example018.html" o="gazdavidson" g="staff" p="33204" x="true"><mod>mode</mod></f><f n="example019.html" o="gazdavidson" g="staff" p="33204" x="true"><mod>mode</mod></f><f n="fast__atof_8h-source.html" o="gazdavidson" g="staff" p="33204"><mod>mode</mod></f><f n="fast__atof_8h.html" o="gazdavidson" g="staff" p="33204"><mod>mode</mod></f><f n="files.html" o="gazdavidson" g="staff" p="33204"><mod>mode</mod></f><f n="functions.html" o="gazdavidson" g="staff" p="33204"><mod>mode</mod></f><f n="functions_enum.html" o="gazdavidson" g="staff" p="33204"><mod>mode</mod></f><f n="functions_eval.html" o="gazdavidson" g="staff" p="33204"><mod>mode</mod></f><f n="functions_func.html" o="gazdavidson" g="staff" p="33204"><mod>mode</mod></f><f n="functions_rela.html" o="gazdavidson" g="staff" p="33204"><mod>mode</mod></f><f n="functions_type.html" o="gazdavidson" g="staff" p="33204"><mod>mode</mod></f><f n="functions_vars.html" o="gazdavidson" g="staff" p="33204"><mod>mode</mod></f><f n="globals.html" o="gazdavidson" g="staff" p="33204"><mod>mode</mod></f><f n="globals_defs.html" o="gazdavidson" g="staff" p="33204"><mod>mode</mod></f><f n="heapsort_8h-source.html" o="gazdavidson" g="staff" p="33204"><mod>mode</mod></f><f n="heapsort_8h.html" o="gazdavidson" g="staff" p="33204"><mod>mode</mod></f><f n="hierarchy.html" o="gazdavidson" g="staff" p="33204"><mod>mode</mod></f><f n="index.html" o="gazdavidson" g="staff" p="33204"><mod>mode</mod></f><f n="irr_allocator_8h-source.html" o="gazdavidson" g="staff" p="33204"><mod>mode</mod></f><f n="irr_allocator_8h.html" o="gazdavidson" g="staff" p="33204"><mod>mode</mod></f><f n="irr_array_8h-source.html" o="gazdavidson" g="staff" p="33204"><mod>mode</mod></f><f n="irr_array_8h.html" o="gazdavidson" g="staff" p="33204"><mod>mode</mod></f><f n="irr_list_8h-source.html" o="gazdavidson" g="staff" p="33204"><mod>mode</mod></f><f n="irr_list_8h.html" o="gazdavidson" g="staff" p="33204"><mod>mode</mod></f><f n="irr_map_8h-source.html" o="gazdavidson" g="staff" p="33204"><mod>mode</mod></f><f n="irr_map_8h.html" o="gazdavidson" g="staff" p="33204"><mod>mode</mod></f><f n="irr_math_8h-source.html" o="gazdavidson" g="staff" p="33204"><mod>mode</mod></f><f n="irr_math_8h.html" o="gazdavidson" g="staff" p="33204"><mod>mode</mod></f><f n="irr_string_8h-source.html" o="gazdavidson" g="staff" p="33204"><mod>mode</mod></f><f n="irr_string_8h.html" o="gazdavidson" g="staff" p="33204"><mod>mode</mod></f><f n="irr_types_8h-source.html" o="gazdavidson" g="staff" p="33204"><mod>mode</mod></f><f n="irr_types_8h.html" o="gazdavidson" g="staff" p="33204"><mod>mode</mod></f><f n="irr_x_m_l_8h-source.html" o="gazdavidson" g="staff" p="33204"><mod>mode</mod></f><f n="irr_x_m_l_8h.html" o="gazdavidson" g="staff" p="33204"><mod>mode</mod></f><f n="irrlicht.png" o="gazdavidson" g="staff" p="33204"><mod>mode</mod></f><f n="irrlicht_8h-source.html" o="gazdavidson" g="staff" p="33204"><mod>mode</mod></f><f n="irrlicht_8h.html" o="gazdavidson" g="staff" p="33204"><mod>mode</mod></f><f n="line2d_8h-source.html" o="gazdavidson" g="staff" p="33204"><mod>mode</mod></f><f n="line2d_8h.html" o="gazdavidson" g="staff" p="33204"><mod>mode</mod></f><f n="line3d_8h-source.html" o="gazdavidson" g="staff" p="33204"><mod>mode</mod></f><f n="line3d_8h.html" o="gazdavidson" g="staff" p="33204"><mod>mode</mod></f><f n="logobig.png" o="gazdavidson" g="staff" p="33204"><mod>mode</mod></f><f n="matrix4_8h-source.html" o="gazdavidson" g="staff" p="33204"><mod>mode</mod></f><f n="matrix4_8h.html" o="gazdavidson" g="staff" p="33204"><mod>mode</mod></f><f n="namespaceirr.html" o="gazdavidson" g="staff" p="33204"><mod>mode</mod></f><f n="namespaceirr_1_1core.html" o="gazdavidson" g="staff" p="33204"><mod>mode</mod></f><f n="namespaceirr_1_1gui.html" o="gazdavidson" g="staff" p="33204"><mod>mode</mod></f><f n="namespaceirr_1_1io.html" o="gazdavidson" g="staff" p="33204"><mod>mode</mod></f><f n="namespaceirr_1_1scene.html" o="gazdavidson" g="staff" p="33204"><mod>mode</mod></f><f n="namespaceirr_1_1scene_1_1quake3.html" o="gazdavidson" g="staff" p="33204"><mod>mode</mod></f><f n="namespaceirr_1_1video.html" o="gazdavidson" g="staff" p="33204"><mod>mode</mod></f><f n="namespacemembers.html" o="gazdavidson" g="staff" p="33204"><mod>mode</mod></f><f n="namespacemembers_enum.html" o="gazdavidson" g="staff" p="33204"><mod>mode</mod></f><f n="namespacemembers_eval.html" o="gazdavidson" g="staff" p="33204"><mod>mode</mod></f><f n="namespacemembers_func.html" o="gazdavidson" g="staff" p="33204"><mod>mode</mod></f><f n="namespacemembers_type.html" o="gazdavidson" g="staff" p="33204"><mod>mode</mod></f><f n="namespacemembers_vars.html" o="gazdavidson" g="staff" p="33204"><mod>mode</mod></f><f n="namespaces.html" o="gazdavidson" g="staff" p="33204"><mod>mode</mod></f><f n="pages.html" o="gazdavidson" g="staff" p="33204"><mod>mode</mod></f><f n="plane3d_8h-source.html" o="gazdavidson" g="staff" p="33204"><mod>mode</mod></f><f n="plane3d_8h.html" o="gazdavidson" g="staff" p="33204"><mod>mode</mod></f><f n="position2d_8h-source.html" o="gazdavidson" g="staff" p="33204"><mod>mode</mod></f><f n="position2d_8h.html" o="gazdavidson" g="staff" p="33204"><mod>mode</mod></f><f n="quaternion_8h-source.html" o="gazdavidson" g="staff" p="33204"><mod>mode</mod></f><f n="quaternion_8h.html" o="gazdavidson" g="staff" p="33204"><mod>mode</mod></f><f n="rect_8h-source.html" o="gazdavidson" g="staff" p="33204"><mod>mode</mod></f><f n="rect_8h.html" o="gazdavidson" g="staff" p="33204"><mod>mode</mod></f><f n="structirr_1_1_s_event-members.html" o="gazdavidson" g="staff" p="33204"><mod>mode</mod></f><f n="structirr_1_1_s_event.html" o="gazdavidson" g="staff" p="33204"><mod>mode</mod></f><f n="structirr_1_1_s_event_1_1_s_g_u_i_event-members.html" o="gazdavidson" g="staff" p="33204"><mod>mode</mod></f><f n="structirr_1_1_s_event_1_1_s_g_u_i_event.html" o="gazdavidson" g="staff" p="33204"><mod>mode</mod></f><f n="structirr_1_1_s_event_1_1_s_joystick_event-members.html" o="gazdavidson" g="staff" p="33204"><mod>mode</mod></f><f n="structirr_1_1_s_event_1_1_s_joystick_event.html" o="gazdavidson" g="staff" p="33204"><mod>mode</mod></f><f n="structirr_1_1_s_event_1_1_s_key_input-members.html" o="gazdavidson" g="staff" p="33204"><mod>mode</mod></f><f n="structirr_1_1_s_event_1_1_s_key_input.html" o="gazdavidson" g="staff" p="33204"><mod>mode</mod></f><f n="structirr_1_1_s_event_1_1_s_log_event-members.html" o="gazdavidson" g="staff" p="33204"><mod>mode</mod></f><f n="structirr_1_1_s_event_1_1_s_log_event.html" o="gazdavidson" g="staff" p="33204"><mod>mode</mod></f><f n="structirr_1_1_s_event_1_1_s_mouse_input-members.html" o="gazdavidson" g="staff" p="33204"><mod>mode</mod></f><f n="structirr_1_1_s_event_1_1_s_mouse_input.html" o="gazdavidson" g="staff" p="33204"><mod>mode</mod></f><f n="structirr_1_1_s_event_1_1_s_user_event-members.html" o="gazdavidson" g="staff" p="33204"><mod>mode</mod></f><f n="structirr_1_1_s_event_1_1_s_user_event.html" o="gazdavidson" g="staff" p="33204"><mod>mode</mod></f><f n="structirr_1_1_s_irrlicht_creation_parameters-members.html" o="gazdavidson" g="staff" p="33204"><mod>mode</mod></f><f n="structirr_1_1_s_irrlicht_creation_parameters.html" o="gazdavidson" g="staff" p="33204"><mod>mode</mod></f><f n="structirr_1_1_s_joystick_info-members.html" o="gazdavidson" g="staff" p="33204"><mod>mode</mod></f><f n="structirr_1_1_s_joystick_info.html" o="gazdavidson" g="staff" p="33204"><mod>mode</mod></f><f n="structirr_1_1_s_key_map-members.html" o="gazdavidson" g="staff" p="33204"><mod>mode</mod></f><f n="structirr_1_1_s_key_map.html" o="gazdavidson" g="staff" p="33204"><mod>mode</mod></f><f n="structirr_1_1gui_1_1_s_g_u_i_sprite-members.html" o="gazdavidson" g="staff" p="33204"><mod>mode</mod></f><f n="structirr_1_1gui_1_1_s_g_u_i_sprite.html" o="gazdavidson" g="staff" p="33204"><mod>mode</mod></f><f n="structirr_1_1gui_1_1_s_g_u_i_sprite_frame-members.html" o="gazdavidson" g="staff" p="33204"><mod>mode</mod></f><f n="structirr_1_1gui_1_1_s_g_u_i_sprite_frame.html" o="gazdavidson" g="staff" p="33204"><mod>mode</mod></f><f n="structirr_1_1io_1_1_s_attribute_read_write_options-members.html" o="gazdavidson" g="staff" p="33204"><mod>mode</mod></f><f n="structirr_1_1io_1_1_s_attribute_read_write_options.html" o="gazdavidson" g="staff" p="33204"><mod>mode</mod></f><f n="structirr_1_1scene_1_1_i_skinned_mesh_1_1_s_joint-members.html" o="gazdavidson" g="staff" p="33204"><mod>mode</mod></f><f n="structirr_1_1scene_1_1_i_skinned_mesh_1_1_s_joint.html" o="gazdavidson" g="staff" p="33204"><mod>mode</mod></f><f n="structirr_1_1scene_1_1_i_skinned_mesh_1_1_s_position_key-members.html" o="gazdavidson" g="staff" p="33204"><mod>mode</mod></f><f n="structirr_1_1scene_1_1_i_skinned_mesh_1_1_s_position_key.html" o="gazdavidson" g="staff" p="33204"><mod>mode</mod></f><f n="structirr_1_1scene_1_1_i_skinned_mesh_1_1_s_rotation_key-members.html" o="gazdavidson" g="staff" p="33204"><mod>mode</mod></f><f n="structirr_1_1scene_1_1_i_skinned_mesh_1_1_s_rotation_key.html" o="gazdavidson" g="staff" p="33204"><mod>mode</mod></f><f n="structirr_1_1scene_1_1_i_skinned_mesh_1_1_s_scale_key-members.html" o="gazdavidson" g="staff" p="33204"><mod>mode</mod></f><f n="structirr_1_1scene_1_1_i_skinned_mesh_1_1_s_scale_key.html" o="gazdavidson" g="staff" p="33204"><mod>mode</mod></f><f n="structirr_1_1scene_1_1_i_skinned_mesh_1_1_s_weight-members.html" o="gazdavidson" g="staff" p="33204"><mod>mode</mod></f><f n="structirr_1_1scene_1_1_i_skinned_mesh_1_1_s_weight.html" o="gazdavidson" g="staff" p="33204"><mod>mode</mod></f><f n="structirr_1_1scene_1_1_s_animated_mesh-members.html" o="gazdavidson" g="staff" p="33204"><mod>mode</mod></f><f n="structirr_1_1scene_1_1_s_animated_mesh.html" o="gazdavidson" g="staff" p="33204"><mod>mode</mod></f><f n="structirr_1_1scene_1_1_s_animated_mesh.png" o="gazdavidson" g="staff" p="33204"><mod>mode</mod></f><f n="structirr_1_1scene_1_1_s_m_d3_animation_info-members.html" o="gazdavidson" g="staff" p="33204"><mod>mode</mod></f><f n="structirr_1_1scene_1_1_s_m_d3_animation_info.html" o="gazdavidson" g="staff" p="33204"><mod>mode</mod></f><f n="structirr_1_1scene_1_1_s_m_d3_face-members.html" o="gazdavidson" g="staff" p="33204"><mod>mode</mod></f><f n="structirr_1_1scene_1_1_s_m_d3_face.html" o="gazdavidson" g="staff" p="33204"><mod>mode</mod></f><f n="structirr_1_1scene_1_1_s_m_d3_header-members.html" o="gazdavidson" g="staff" p="33204"><mod>mode</mod></f><f n="structirr_1_1scene_1_1_s_m_d3_header.html" o="gazdavidson" g="staff" p="33204"><mod>mode</mod></f><f n="structirr_1_1scene_1_1_s_m_d3_mesh-members.html" o="gazdavidson" g="staff" p="33204"><mod>mode</mod></f><f n="structirr_1_1scene_1_1_s_m_d3_mesh.html" o="gazdavidson" g="staff" p="33204"><mod>mode</mod></f><f n="structirr_1_1scene_1_1_s_m_d3_mesh.png" o="gazdavidson" g="staff" p="33204"><mod>mode</mod></f><f n="structirr_1_1scene_1_1_s_m_d3_mesh_buffer-members.html" o="gazdavidson" g="staff" p="33204"><mod>mode</mod></f><f n="structirr_1_1scene_1_1_s_m_d3_mesh_buffer.html" o="gazdavidson" g="staff" p="33204"><mod>mode</mod></f><f n="structirr_1_1scene_1_1_s_m_d3_mesh_buffer.png" o="gazdavidson" g="staff" p="33204"><mod>mode</mod></f><f n="structirr_1_1scene_1_1_s_m_d3_mesh_header-members.html" o="gazdavidson" g="staff" p="33204"><mod>mode</mod></f><f n="structirr_1_1scene_1_1_s_m_d3_mesh_header.html" o="gazdavidson" g="staff" p="33204"><mod>mode</mod></f><f n="structirr_1_1scene_1_1_s_m_d3_quaterion_tag-members.html" o="gazdavidson" g="staff" p="33204"><mod>mode</mod></f><f n="structirr_1_1scene_1_1_s_m_d3_quaterion_tag.html" o="gazdavidson" g="staff" p="33204"><mod>mode</mod></f><f n="structirr_1_1scene_1_1_s_m_d3_quaterion_tag_list-members.html" o="gazdavidson" g="staff" p="33204"><mod>mode</mod></f><f n="structirr_1_1scene_1_1_s_m_d3_quaterion_tag_list.html" o="gazdavidson" g="staff" p="33204"><mod>mode</mod></f><f n="structirr_1_1scene_1_1_s_m_d3_quaterion_tag_list.png" o="gazdavidson" g="staff" p="33204"><mod>mode</mod></f><f n="structirr_1_1scene_1_1_s_m_d3_tex_coord-members.html" o="gazdavidson" g="staff" p="33204"><mod>mode</mod></f><f n="structirr_1_1scene_1_1_s_m_d3_tex_coord.html" o="gazdavidson" g="staff" p="33204"><mod>mode</mod></f><f n="structirr_1_1scene_1_1_s_m_d3_vertex-members.html" o="gazdavidson" g="staff" p="33204"><mod>mode</mod></f><f n="structirr_1_1scene_1_1_s_m_d3_vertex.html" o="gazdavidson" g="staff" p="33204"><mod>mode</mod></f><f n="structirr_1_1scene_1_1_s_mesh-members.html" o="gazdavidson" g="staff" p="33204"><mod>mode</mod></f><f n="structirr_1_1scene_1_1_s_mesh.html" o="gazdavidson" g="staff" p="33204"><mod>mode</mod></f><f n="structirr_1_1scene_1_1_s_mesh.png" o="gazdavidson" g="staff" p="33204"><mod>mode</mod></f><f n="structirr_1_1scene_1_1_s_particle-members.html" o="gazdavidson" g="staff" p="33204"><mod>mode</mod></f><f n="structirr_1_1scene_1_1_s_particle.html" o="gazdavidson" g="staff" p="33204"><mod>mode</mod></f><f n="structirr_1_1scene_1_1_s_shared_mesh_buffer-members.html" o="gazdavidson" g="staff" p="33204"><mod>mode</mod></f><f n="structirr_1_1scene_1_1_s_shared_mesh_buffer.html" o="gazdavidson" g="staff" p="33204"><mod>mode</mod></f><f n="structirr_1_1scene_1_1_s_shared_mesh_buffer.png" o="gazdavidson" g="staff" p="33204"><mod>mode</mod></f><f n="structirr_1_1scene_1_1_s_skin_mesh_buffer-members.html" o="gazdavidson" g="staff" p="33204"><mod>mode</mod></f><f n="structirr_1_1scene_1_1_s_skin_mesh_buffer.html" o="gazdavidson" g="staff" p="33204"><mod>mode</mod></f><f n="structirr_1_1scene_1_1_s_skin_mesh_buffer.png" o="gazdavidson" g="staff" p="33204"><mod>mode</mod></f><f n="structirr_1_1scene_1_1_s_view_frustum-members.html" o="gazdavidson" g="staff" p="33204"><mod>mode</mod></f><f n="structirr_1_1scene_1_1_s_view_frustum.html" o="gazdavidson" g="staff" p="33204"><mod>mode</mod></f><f n="structirr_1_1scene_1_1quake3_1_1_s_blend_func-members.html" o="gazdavidson" g="staff" p="33204"><mod>mode</mod></f><f n="structirr_1_1scene_1_1quake3_1_1_s_blend_func.html" o="gazdavidson" g="staff" p="33204"><mod>mode</mod></f><f n="structirr_1_1scene_1_1quake3_1_1_s_modifier_function-members.html" o="gazdavidson" g="staff" p="33204"><mod>mode</mod></f><f n="structirr_1_1scene_1_1quake3_1_1_s_modifier_function.html" o="gazdavidson" g="staff" p="33204"><mod>mode</mod></f><f n="structirr_1_1scene_1_1quake3_1_1_s_var_group-members.html" o="gazdavidson" g="staff" p="33204"><mod>mode</mod></f><f n="structirr_1_1scene_1_1quake3_1_1_s_var_group.html" o="gazdavidson" g="staff" p="33204"><mod>mode</mod></f><f n="structirr_1_1scene_1_1quake3_1_1_s_var_group_list-members.html" o="gazdavidson" g="staff" p="33204"><mod>mode</mod></f><f n="structirr_1_1scene_1_1quake3_1_1_s_var_group_list.html" o="gazdavidson" g="staff" p="33204"><mod>mode</mod></f><f n="structirr_1_1scene_1_1quake3_1_1_s_var_group_list.png" o="gazdavidson" g="staff" p="33204"><mod>mode</mod></f><f n="structirr_1_1scene_1_1quake3_1_1_s_variable-members.html" o="gazdavidson" g="staff" p="33204"><mod>mode</mod></f><f n="structirr_1_1scene_1_1quake3_1_1_s_variable.html" o="gazdavidson" g="staff" p="33204"><mod>mode</mod></f><f n="structirr_1_1video_1_1_s3_d_vertex-members.html" o="gazdavidson" g="staff" p="33204"><mod>mode</mod></f><f n="structirr_1_1video_1_1_s3_d_vertex.html" o="gazdavidson" g="staff" p="33204"><mod>mode</mod></f><f n="structirr_1_1video_1_1_s3_d_vertex.png" o="gazdavidson" g="staff" p="33204"><mod>mode</mod></f><f n="structirr_1_1video_1_1_s3_d_vertex2_t_coords-members.html" o="gazdavidson" g="staff" p="33204"><mod>mode</mod></f><f n="structirr_1_1video_1_1_s3_d_vertex2_t_coords.html" o="gazdavidson" g="staff" p="33204"><mod>mode</mod></f><f n="structirr_1_1video_1_1_s3_d_vertex2_t_coords.png" o="gazdavidson" g="staff" p="33204"><mod>mode</mod></f><f n="structirr_1_1video_1_1_s3_d_vertex_tangents-members.html" o="gazdavidson" g="staff" p="33204"><mod>mode</mod></f><f n="structirr_1_1video_1_1_s3_d_vertex_tangents.html" o="gazdavidson" g="staff" p="33204"><mod>mode</mod></f><f n="structirr_1_1video_1_1_s3_d_vertex_tangents.png" o="gazdavidson" g="staff" p="33204"><mod>mode</mod></f><f n="structirr_1_1video_1_1_s_exposed_video_data-members.html" o="gazdavidson" g="staff" p="33204"><mod>mode</mod></f><f n="structirr_1_1video_1_1_s_exposed_video_data.html" o="gazdavidson" g="staff" p="33204"><mod>mode</mod></f><f n="structirr_1_1video_1_1_s_light-members.html" o="gazdavidson" g="staff" p="33204"><mod>mode</mod></f><f n="structirr_1_1video_1_1_s_light.html" o="gazdavidson" g="staff" p="33204"><mod>mode</mod></f><f n="triangle3d_8h-source.html" o="gazdavidson" g="staff" p="33204"><mod>mode</mod></f><f n="triangle3d_8h.html" o="gazdavidson" g="staff" p="33204"><mod>mode</mod></f><f n="tut_8txt.html" o="gazdavidson" g="staff" p="33204"><mod>mode</mod></f><f n="unionirr_1_1core_1_1inttofloat-members.html" o="gazdavidson" g="staff" p="33204"><mod>mode</mod></f><f n="unionirr_1_1core_1_1inttofloat.html" o="gazdavidson" g="staff" p="33204"><mod>mode</mod></f><f n="vc6include.jpg" o="gazdavidson" g="staff" p="33204"><mod>mode</mod></f><f n="vcnetinclude.jpg" o="gazdavidson" g="staff" p="33204"><mod>mode</mod></f><f n="vector2d_8h-source.html" o="gazdavidson" g="staff" p="33204"><mod>mode</mod></f><f n="vector2d_8h.html" o="gazdavidson" g="staff" p="33204"><mod>mode</mod></f><f n="vector3d_8h-source.html" o="gazdavidson" g="staff" p="33204"><mod>mode</mod></f><f n="vector3d_8h.html" o="gazdavidson" g="staff" p="33204"><mod>mode</mod></f></f></pkg-contents>