<pkgref spec="1.12" uuid="39601D70-59FA-4C66-9AFF-A8523FAD4C7D"><config><identifier>com.irrlicht.irrlichtEngineV151.html.pkg</identifier><version>1</version><description></description><post-install type="none"/><installFrom relative="true">../../../doctemp/html</installFrom><installTo mod="true">/private/tmp/Irrlicht1.5.1-install/doc/</installTo><flags><followSymbolicLinks/></flags><packageStore type="internal"></packageStore><mod>parent</mod><mod>scripts.postinstall.path</mod><mod>requireAuthorization</mod><mod>installTo.isAbsoluteType</mod><mod>scripts.postinstall.isRelativeType</mod><mod>installFrom.isRelativeType</mod><mod>installTo.path</mod><mod>version</mod><mod>installTo</mod></config><contents><file-list>02html-contents.xml</file-list><filter>/CVS$</filter><filter>/\.svn$</filter><filter>/\.cvsignore$</filter><filter>/\.cvspass$</filter><filter>/\.DS_Store$</filter></contents></pkgref>