<pkgref spec="1.12" uuid="C29A053C-0445-485A-8194-7261BB730C44"><config><identifier>com.irrlicht.irrlichtEngineV151.media.pkg</identifier><version>1</version><description/><post-install type="none"/><requireAuthorization/><installFrom>/Users/gazdavidson/svn/irr1.5/media</installFrom><installTo mod="true">/private/tmp/Irrlicht1.5.1-install/media/</installTo><flags><followSymbolicLinks/></flags><packageStore type="internal"/><mod>parent</mod><mod>installTo.path</mod><mod>installTo</mod></config><contents><file-list>03media-contents.xml</file-list><filter>/CVS$</filter><filter>/\.svn$</filter><filter>/\.cvsignore$</filter><filter>/\.cvspass$</filter><filter>/\.DS_Store$</filter></contents></pkgref>