<pkgref spec="1.12" uuid="90910AF1-E4E6-4A7B-BE2C-D5651EB803FD"><config><identifier>com.irrlicht.irrlichtEngineV151.tools.pkg</identifier><version>1</version><description/><post-install type="none"/><requireAuthorization/><installFrom>/Users/gazdavidson/svn/irr1.5/tools</installFrom><installTo mod="true">/private/tmp/Irrlicht1.5.1-install/tools/</installTo><flags><followSymbolicLinks/></flags><packageStore type="internal"/><mod>parent</mod><mod>installTo.path</mod><mod>installTo</mod></config><contents><file-list>05tools-contents.xml</file-list><filter>/CVS$</filter><filter>/\.svn$</filter><filter>/\.cvsignore$</filter><filter>/\.cvspass$</filter><filter>/\.DS_Store$</filter></contents></pkgref>