<pkgref spec="1.12" uuid="6023EA57-F1C6-45DA-B563-D72F5E02D7EA"><config><identifier>com.irrlicht.irrlichtEngineV151.changes.pkg</identifier><version>1</version><description/><post-install type="none"/><requireAuthorization/><installFrom>/Users/gazdavidson/svn/irr1.5/changes.txt</installFrom><installTo mod="true">/private/tmp/Irrlicht1.5.1-install/</installTo><flags><followSymbolicLinks/></flags><packageStore type="internal"/><mod>parent</mod><mod>installTo.path</mod><mod>installTo</mod></config><contents><file-list>07changes-contents.xml</file-list><filter>/CVS$</filter><filter>/\.svn$</filter><filter>/\.cvsignore$</filter><filter>/\.cvspass$</filter><filter>/\.DS_Store$</filter></contents></pkgref>